data/capture_converted_trimmed/joint-2019-06-16-08-03-00-031__TO__joint-2019-06-16-08-25-00-030-55.csv,0.0,1
data/capture_converted_trimmed/joint-2019-06-16-09-06-00-027__TO__joint-2019-06-16-09-20-00-037-2.csv,0.0,1
data/capture_converted_trimmed/joint-2019-06-16-09-29-00-008__TO__joint-2019-06-16-09-32-00-107-15.csv,0.0,1
data/capture_converted_trimmed/joint-2019-06-16-13-00-00-052__TO__joint-2019-06-16-13-08-00-033-41.csv,0.0,1
data/capture_converted_trimmed/joint-2019-06-20-19-23-00-023__TO__joint-2019-06-20-19-24-00-011-187.csv,0.0,1
data/capture_converted_trimmed/joint-2019-06-20-21-00-00-020__TO__joint-2019-06-20-21-00-00-020-41.csv,0.0,1
data/capture_converted_trimmed/joint-2019-06-21-13-25-00-010__TO__joint-2019-06-21-13-25-00-010-81.csv,0.0,1
data/capture_converted_trimmed/joint-2019-06-15-18-27-00-009__TO__joint-2019-06-15-18-31-00-106-2.csv,2.201166596890044,2
data/capture_converted_trimmed/joint-2019-06-16-14-53-00-017__TO__joint-2019-06-16-14-53-00-017-197.csv,4.648127968732742,2
data/capture_converted_trimmed/joint-2019-06-16-10-42-00-022__TO__joint-2019-06-16-10-53-00-032-184.csv,5.160228527807229,2
data/capture_converted_trimmed/joint-2019-06-15-10-06-00-019__TO__joint-2019-06-15-10-11-00-100-2.csv,6.33120190062131,3
data/capture_converted_trimmed/joint-2019-06-14-15-09-00-000__TO__joint-2019-06-14-15-59-00-057-44.csv,6.9752986300589646,2
data/capture_converted_trimmed/joint-2019-06-20-19-23-00-023__TO__joint-2019-06-20-19-24-00-011-81.csv,8.099243870246234,2
data/capture_converted_trimmed/joint-2019-06-14-15-09-00-000__TO__joint-2019-06-14-15-59-00-057-210.csv,9.522132493902328,3
data/capture_converted_trimmed/joint-2019-06-16-13-00-00-052__TO__joint-2019-06-16-13-08-00-033-210.csv,9.910117083560126,3
data/capture_converted_trimmed/joint-2019-06-16-13-47-00-006__TO__joint-2019-06-16-13-53-00-030-28.csv,11.623118600798563,3
data/capture_converted_trimmed/joint-2019-06-16-12-47-00-031__TO__joint-2019-06-16-12-48-00-109-135.csv,12.508076140091854,9
data/capture_converted_trimmed/joint-2019-06-20-09-44-00-019__TO__joint-2019-06-20-09-55-00-241-5.csv,12.610073893745387,3
data/capture_converted_trimmed/joint-2019-06-15-05-49-00-002__TO__joint-2019-06-15-05-50-00-027-96.csv,13.063644730844187,4
data/capture_converted_trimmed/joint-2019-06-16-08-03-00-031__TO__joint-2019-06-16-08-25-00-030-67.csv,13.560633347193008,144
data/capture_converted_trimmed/joint-2019-06-16-14-28-00-002__TO__joint-2019-06-16-14-41-00-031-187.csv,14.250594474686636,3
data/capture_converted_trimmed/joint-2019-06-14-17-46-00-000__TO__joint-2019-06-14-17-56-00-007-2.csv,14.273959333887298,75
data/capture_converted_trimmed/joint-2019-06-20-19-12-00-005__TO__joint-2019-06-20-19-15-00-020-28.csv,14.962210991343426,3
data/capture_converted_trimmed/joint-2019-06-16-14-28-00-002__TO__joint-2019-06-16-14-41-00-031-252.csv,16.012845883815157,6
data/capture_converted_trimmed/joint-2019-06-15-05-53-00-002__TO__joint-2019-06-15-05-58-00-010-132.csv,16.08111067006052,5
data/capture_converted_trimmed/joint-2019-06-16-15-05-00-039__TO__joint-2019-06-16-15-07-00-012-109.csv,16.137410316016627,8
data/capture_converted_trimmed/joint-2019-06-16-11-28-00-011__TO__joint-2019-06-16-11-46-00-111-148.csv,16.307044425548888,11
data/capture_converted_trimmed/joint-2019-06-14-18-00-00-035__TO__joint-2019-06-14-18-03-00-287-80.csv,16.998254312849614,4
data/capture_converted_trimmed/joint-2019-06-17-17-47-00-021__TO__joint-2019-06-17-17-48-00-014-2.csv,17.360569221489047,5
data/capture_converted_trimmed/joint-2019-06-16-08-27-00-015__TO__joint-2019-06-16-08-35-00-117-80.csv,17.56298623678078,3
data/capture_converted_trimmed/joint-2019-06-16-08-03-00-031__TO__joint-2019-06-16-08-25-00-030-236.csv,17.65176496217914,8
data/capture_converted_trimmed/joint-2019-06-15-13-03-00-027__TO__joint-2019-06-15-13-07-00-053-29.csv,18.025852297997023,162
data/capture_converted_trimmed/joint-2019-06-16-08-00-00-016__TO__joint-2019-06-16-08-00-00-016-148.csv,18.219348422907487,3
data/capture_converted_trimmed/joint-2019-06-21-10-31-00-003__TO__joint-2019-06-21-10-44-00-103-44.csv,18.30696024224989,6
data/capture_converted_trimmed/joint-2019-06-15-19-00-00-097__TO__joint-2019-06-15-19-11-00-065-54.csv,18.351893557637542,7
data/capture_converted_trimmed/joint-2019-06-16-09-06-00-027__TO__joint-2019-06-16-09-20-00-037-197.csv,18.362089856676587,2932
data/capture_converted_trimmed/joint-2019-06-15-12-26-00-010__TO__joint-2019-06-15-12-32-00-111-148.csv,18.391665340254516,8
data/capture_converted_trimmed/joint-2019-06-16-15-02-00-002__TO__joint-2019-06-16-15-02-00-002-70.csv,18.533888230009637,8
data/capture_converted_trimmed/joint-2019-06-19-10-20-00-029__TO__joint-2019-06-19-10-20-00-029-41.csv,18.845503475082214,12
data/capture_converted_trimmed/joint-2019-06-20-12-36-00-021__TO__joint-2019-06-20-12-38-00-013-148.csv,18.9254259455053,5
data/capture_converted_trimmed/joint-2019-06-18-19-02-00-009__TO__joint-2019-06-18-19-02-00-009-159.csv,19.375920464522363,219
data/capture_converted_trimmed/joint-2019-06-15-09-11-00-033__TO__joint-2019-06-15-09-19-00-076-185.csv,19.4160951254935,6
data/capture_converted_trimmed/joint-2019-06-19-12-47-00-026__TO__joint-2019-06-19-12-59-00-162-171.csv,19.503861794495855,7
data/capture_converted_trimmed/joint-2019-06-14-18-24-00-017__TO__joint-2019-06-14-18-34-00-117-3.csv,19.745965689517213,7
data/capture_converted_trimmed/joint-2019-06-16-10-42-00-022__TO__joint-2019-06-16-10-53-00-032-159.csv,19.830269571946005,3
data/capture_converted_trimmed/joint-2019-06-14-18-12-00-019__TO__joint-2019-06-14-18-16-00-028-132.csv,19.837710371423128,7
data/capture_converted_trimmed/joint-2019-06-18-16-18-00-032__TO__joint-2019-06-18-16-19-00-117-158.csv,19.90218084160595,60
data/capture_converted_trimmed/joint-2019-06-19-11-07-00-015__TO__joint-2019-06-19-11-19-00-157-158.csv,20.13186309479574,9
data/capture_converted_trimmed/joint-2019-06-14-18-24-00-017__TO__joint-2019-06-14-18-34-00-117-70.csv,20.225274726837746,6
data/capture_converted_trimmed/joint-2019-06-14-18-12-00-019__TO__joint-2019-06-14-18-16-00-028-80.csv,20.44318360594956,176
data/capture_converted_trimmed/joint-2019-06-15-08-06-00-002__TO__joint-2019-06-15-08-23-00-071-185.csv,20.50075160844922,7
data/capture_converted_trimmed/joint-2019-06-16-10-00-00-056__TO__joint-2019-06-16-10-40-00-021-31.csv,20.75004969353713,8
data/capture_converted_trimmed/joint-2019-06-21-06-00-00-011__TO__joint-2019-06-21-06-03-00-134-211.csv,20.94468609041682,35
data/capture_converted_trimmed/joint-2019-06-21-10-31-00-003__TO__joint-2019-06-21-10-44-00-103-31.csv,21.31499493246574,264
data/capture_converted_trimmed/joint-2019-06-19-08-38-00-019__TO__joint-2019-06-19-08-42-00-118-135.csv,21.32947269001757,18
data/capture_converted_trimmed/joint-2019-06-20-21-02-00-016__TO__joint-2019-06-20-21-06-00-023-119.csv,21.682826887671528,9
data/capture_converted_trimmed/joint-2019-06-15-06-39-00-011__TO__joint-2019-06-15-06-49-00-070-158.csv,21.81002964877035,8
data/capture_converted_trimmed/joint-2019-06-16-13-19-00-017__TO__joint-2019-06-16-13-25-00-127-15.csv,21.842985197660173,1924
data/capture_converted_trimmed/joint-2019-06-14-19-05-00-012__TO__joint-2019-06-14-19-10-00-019-223.csv,21.948437659310116,6
data/capture_converted_trimmed/joint-2019-06-15-10-00-00-020__TO__joint-2019-06-15-10-04-00-019-93.csv,21.989990814626935,8
data/capture_converted_trimmed/joint-2019-06-15-19-00-00-097__TO__joint-2019-06-15-19-11-00-065-210.csv,22.06607298325903,403
data/capture_converted_trimmed/joint-2019-06-21-12-39-00-023__TO__joint-2019-06-21-12-51-00-165-161.csv,22.067337557266193,6
data/capture_converted_trimmed/joint-2019-06-18-17-21-00-023__TO__joint-2019-06-18-17-22-00-111-57.csv,22.077742639848243,301
data/capture_converted_trimmed/joint-2019-06-20-11-24-00-011__TO__joint-2019-06-20-11-32-00-167-174.csv,22.497699268354197,14
data/capture_converted_trimmed/joint-2019-06-15-12-26-00-010__TO__joint-2019-06-15-12-32-00-111-83.csv,22.54609970261097,10
data/capture_converted_trimmed/joint-2019-06-14-15-09-00-000__TO__joint-2019-06-14-15-59-00-057-107.csv,22.551907519117126,23
data/capture_converted_trimmed/joint-2019-06-15-07-00-00-015__TO__joint-2019-06-15-07-07-00-023-15.csv,22.561613541714227,8
data/capture_converted_trimmed/joint-2019-06-17-17-40-00-001__TO__joint-2019-06-17-17-40-00-001-174.csv,22.787073883900113,61
data/capture_converted_trimmed/joint-2019-06-14-16-58-00-003__TO__joint-2019-06-14-16-58-00-003-252.csv,23.00845817671681,15
data/capture_converted_trimmed/joint-2019-06-15-19-00-00-097__TO__joint-2019-06-15-19-11-00-065-29.csv,23.88783484066205,135
data/capture_converted_trimmed/joint-2019-06-16-11-28-00-011__TO__joint-2019-06-16-11-46-00-111-187.csv,24.34610580714879,6
data/capture_converted_trimmed/joint-2019-06-16-08-03-00-031__TO__joint-2019-06-16-08-25-00-030-5.csv,24.52154259832146,7
data/capture_converted_trimmed/joint-2019-06-20-17-53-00-018__TO__joint-2019-06-20-17-54-00-022-237.csv,24.80468758478877,9
data/capture_converted_trimmed/joint-2019-06-19-11-07-00-015__TO__joint-2019-06-19-11-19-00-157-133.csv,24.82391885982069,110
data/capture_converted_trimmed/joint-2019-06-21-05-59-00-026__TO__joint-2019-06-21-05-59-00-026-158.csv,25.1812998049077,57
data/capture_converted_trimmed/joint-2019-06-16-07-14-00-011__TO__joint-2019-06-16-07-16-00-108-145.csv,25.234515934425087,78
data/capture_converted_trimmed/joint-2019-06-16-12-36-00-022__TO__joint-2019-06-16-12-37-00-016-93.csv,25.287545977396608,39
data/capture_converted_trimmed/joint-2019-06-16-09-06-00-027__TO__joint-2019-06-16-09-20-00-037-135.csv,25.339617065161804,16
data/capture_converted_trimmed/joint-2019-06-16-11-28-00-011__TO__joint-2019-06-16-11-46-00-111-70.csv,25.56008896890358,100
data/capture_converted_trimmed/joint-2019-06-16-10-00-00-056__TO__joint-2019-06-16-10-40-00-021-148.csv,25.59301404201006,32
data/capture_converted_trimmed/joint-2019-06-14-20-43-00-006__TO__joint-2019-06-14-20-47-00-002-171.csv,25.80064977509734,163
data/capture_converted_trimmed/joint-2019-06-16-12-22-00-017__TO__joint-2019-06-16-12-33-00-025-122.csv,25.904412243454296,175
data/capture_converted_trimmed/joint-2019-06-15-19-00-00-097__TO__joint-2019-06-15-19-11-00-065-174.csv,26.007562567627375,17
data/capture_converted_trimmed/joint-2019-06-14-17-46-00-000__TO__joint-2019-06-14-17-56-00-007-83.csv,26.026945580019635,261
data/capture_converted_trimmed/joint-2019-06-15-09-11-00-033__TO__joint-2019-06-15-09-19-00-076-174.csv,26.11256325381699,9
data/capture_converted_trimmed/joint-2019-06-15-05-49-00-002__TO__joint-2019-06-15-05-50-00-027-184.csv,26.29675054563662,54
data/capture_converted_trimmed/joint-2019-06-16-13-32-00-000__TO__joint-2019-06-16-13-35-00-011-161.csv,26.300727086102953,115
data/capture_converted_trimmed/joint-2019-06-15-08-41-00-006__TO__joint-2019-06-15-08-41-00-006-15.csv,26.40059798748481,10
data/capture_converted_trimmed/joint-2019-06-16-11-28-00-011__TO__joint-2019-06-16-11-46-00-111-44.csv,26.555970599698405,1223
data/capture_converted_trimmed/joint-2019-06-14-21-00-00-025__TO__joint-2019-06-14-21-00-00-025-106.csv,26.635837307974693,10
data/capture_converted_trimmed/joint-2019-06-21-12-39-00-023__TO__joint-2019-06-21-12-51-00-165-67.csv,26.717570115390306,153
data/capture_converted_trimmed/joint-2019-06-16-08-50-00-000__TO__joint-2019-06-16-08-59-00-135-5.csv,27.140983232905437,7
data/capture_converted_trimmed/joint-2019-06-16-15-05-00-039__TO__joint-2019-06-16-15-07-00-012-158.csv,27.17520365652257,39
data/capture_converted_trimmed/joint-2019-06-21-12-39-00-023__TO__joint-2019-06-21-12-51-00-165-55.csv,27.412208708129214,10
data/capture_converted_trimmed/joint-2019-06-20-20-45-00-028__TO__joint-2019-06-20-20-45-00-028-184.csv,27.680642341774316,24
data/capture_converted_trimmed/joint-2019-06-20-19-12-00-005__TO__joint-2019-06-20-19-15-00-020-41.csv,27.68197260150682,4
data/capture_converted_trimmed/joint-2019-06-15-10-18-00-010__TO__joint-2019-06-15-10-19-00-010-197.csv,27.805345689518372,231
data/capture_converted_trimmed/joint-2019-06-16-11-28-00-011__TO__joint-2019-06-16-11-46-00-111-81.csv,27.81638254575743,296
data/capture_converted_trimmed/joint-2019-06-15-09-11-00-033__TO__joint-2019-06-15-09-19-00-076-5.csv,27.820543646286964,85
data/capture_converted_trimmed/joint-2019-06-15-19-00-00-097__TO__joint-2019-06-15-19-11-00-065-119.csv,27.98247338533848,1875
data/capture_converted_trimmed/joint-2019-06-19-07-55-00-010__TO__joint-2019-06-19-07-59-00-004-2.csv,27.989677435361095,14
data/capture_converted_trimmed/joint-2019-06-15-20-34-00-010__TO__joint-2019-06-15-20-35-00-008-54.csv,28.017539674620856,66
data/capture_converted_trimmed/joint-2019-06-15-12-14-00-016__TO__joint-2019-06-15-12-19-00-021-54.csv,28.063167259399506,12
data/capture_converted_trimmed/joint-2019-06-15-18-27-00-009__TO__joint-2019-06-15-18-31-00-106-184.csv,28.202897524055583,42
data/capture_converted_trimmed/joint-2019-06-14-20-00-00-146__TO__joint-2019-06-14-20-02-00-085-109.csv,28.24313595518696,8
data/capture_converted_trimmed/joint-2019-06-21-12-39-00-023__TO__joint-2019-06-21-12-51-00-165-210.csv,28.25076605823645,45
data/capture_converted_trimmed/joint-2019-06-19-08-00-00-004__TO__joint-2019-06-19-08-04-00-054-2.csv,28.33213549991666,9
data/capture_converted_trimmed/joint-2019-06-16-11-53-00-012__TO__joint-2019-06-16-11-53-00-012-28.csv,28.42541182255759,4
data/capture_converted_trimmed/joint-2019-06-19-12-47-00-026__TO__joint-2019-06-19-12-59-00-162-109.csv,28.85832592947081,3126
data/capture_converted_trimmed/joint-2019-06-16-09-00-00-053__TO__joint-2019-06-16-09-04-00-002-210.csv,28.917898558473148,18
data/capture_converted_trimmed/joint-2019-06-14-18-37-00-030__TO__joint-2019-06-14-18-59-00-026-107.csv,29.177451701398518,219
data/capture_converted_trimmed/joint-2019-06-15-07-00-00-015__TO__joint-2019-06-15-07-07-00-023-161.csv,29.51900256645528,9
data/capture_converted_trimmed/joint-2019-06-21-10-21-00-022__TO__joint-2019-06-21-10-23-00-051-80.csv,29.537622595554026,546
data/capture_converted_trimmed/joint-2019-06-15-12-26-00-010__TO__joint-2019-06-15-12-32-00-111-145.csv,29.54635560182523,504
data/capture_converted_trimmed/joint-2019-06-20-09-44-00-019__TO__joint-2019-06-20-09-55-00-241-3.csv,29.675989667828745,1068
data/capture_converted_trimmed/joint-2019-06-16-14-28-00-002__TO__joint-2019-06-16-14-41-00-031-55.csv,29.76110895919673,1528
data/capture_converted_trimmed/joint-2019-06-14-20-00-00-146__TO__joint-2019-06-14-20-02-00-085-80.csv,29.86145097368072,189
data/capture_converted_trimmed/joint-2019-06-16-13-00-00-052__TO__joint-2019-06-16-13-08-00-033-187.csv,29.86691102308608,119
data/capture_converted_trimmed/joint-2019-06-20-12-36-00-021__TO__joint-2019-06-20-12-38-00-013-54.csv,29.891791522755813,9
data/capture_converted_trimmed/joint-2019-06-15-13-10-00-023__TO__joint-2019-06-15-13-19-00-035-2.csv,30.038679221550556,1925
data/capture_converted_trimmed/joint-2019-06-14-15-09-00-000__TO__joint-2019-06-14-15-59-00-057-31.csv,30.07612463211208,24
data/capture_converted_trimmed/joint-2019-06-16-08-50-00-000__TO__joint-2019-06-16-08-59-00-135-29.csv,30.24527879322679,7
data/capture_converted_trimmed/joint-2019-06-19-11-07-00-015__TO__joint-2019-06-19-11-19-00-157-70.csv,30.38462535619169,447
data/capture_converted_trimmed/joint-2019-06-16-12-47-00-031__TO__joint-2019-06-16-12-48-00-109-237.csv,30.535927336466518,26
data/capture_converted_trimmed/joint-2019-06-14-17-46-00-000__TO__joint-2019-06-14-17-56-00-007-210.csv,30.750489000506857,729
data/capture_converted_trimmed/joint-2019-06-14-20-54-00-002__TO__joint-2019-06-14-20-54-00-002-54.csv,30.85938166477643,15
data/capture_converted_trimmed/joint-2019-06-21-12-39-00-023__TO__joint-2019-06-21-12-51-00-165-213.csv,30.8731797784798,227
data/capture_converted_trimmed/joint-2019-06-21-12-39-00-023__TO__joint-2019-06-21-12-51-00-165-252.csv,31.103953986695515,1050
data/capture_converted_trimmed/joint-2019-06-16-12-22-00-017__TO__joint-2019-06-16-12-33-00-025-2.csv,31.159463438370405,43
data/capture_converted_trimmed/joint-2019-06-20-17-12-00-006__TO__joint-2019-06-20-17-19-00-103-54.csv,31.16046593066066,8
data/capture_converted_trimmed/joint-2019-06-15-09-03-00-011__TO__joint-2019-06-15-09-09-00-075-41.csv,31.236990602650305,1130
data/capture_converted_trimmed/joint-2019-06-14-20-38-00-011__TO__joint-2019-06-14-20-39-00-014-226.csv,31.307697877528508,9
data/capture_converted_trimmed/joint-2019-06-16-08-50-00-000__TO__joint-2019-06-16-08-59-00-135-96.csv,31.427540909628103,73
data/capture_converted_trimmed/joint-2019-06-14-18-00-00-035__TO__joint-2019-06-14-18-03-00-287-213.csv,31.488164193932555,9
data/capture_converted_trimmed/joint-2019-06-20-07-50-00-002__TO__joint-2019-06-20-07-59-00-147-249.csv,31.77276820839416,819
data/capture_converted_trimmed/joint-2019-06-21-10-05-00-009__TO__joint-2019-06-21-10-08-00-113-161.csv,31.810634672724827,104
data/capture_converted_trimmed/joint-2019-06-16-11-28-00-011__TO__joint-2019-06-16-11-46-00-111-174.csv,31.818253702693305,22
data/capture_converted_trimmed/joint-2019-06-16-11-28-00-011__TO__joint-2019-06-16-11-46-00-111-223.csv,31.87027562653289,130
data/capture_converted_trimmed/joint-2019-06-14-18-37-00-030__TO__joint-2019-06-14-18-59-00-026-197.csv,31.952110892609312,1003
data/capture_converted_trimmed/joint-2019-06-17-17-47-00-021__TO__joint-2019-06-17-17-48-00-014-133.csv,31.96622371077363,9
data/capture_converted_trimmed/joint-2019-06-14-17-46-00-000__TO__joint-2019-06-14-17-56-00-007-145.csv,32.04780923547725,235
data/capture_converted_trimmed/joint-2019-06-15-18-27-00-009__TO__joint-2019-06-15-18-31-00-106-15.csv,32.08656700657133,209
data/capture_converted_trimmed/joint-2019-06-15-12-14-00-016__TO__joint-2019-06-15-12-19-00-021-133.csv,32.13025204716257,665
data/capture_converted_trimmed/joint-2019-06-21-10-31-00-003__TO__joint-2019-06-21-10-44-00-103-2.csv,32.27020093114429,8
data/capture_converted_trimmed/joint-2019-06-15-10-22-00-009__TO__joint-2019-06-15-10-23-00-065-2.csv,32.311466311275886,409
data/capture_converted_trimmed/joint-2019-06-19-10-03-00-005__TO__joint-2019-06-19-10-06-00-047-158.csv,32.43544586402153,9
data/capture_converted_trimmed/joint-2019-06-21-07-55-00-010__TO__joint-2019-06-21-07-59-00-110-107.csv,32.452728163134424,360
data/capture_converted_trimmed/joint-2019-06-15-10-29-00-008__TO__joint-2019-06-15-10-37-00-138-158.csv,32.48106433325845,1962
data/capture_converted_trimmed/joint-2019-06-14-15-09-00-000__TO__joint-2019-06-14-15-59-00-057-226.csv,32.56068968849155,35
data/capture_converted_trimmed/joint-2019-06-20-07-50-00-002__TO__joint-2019-06-20-07-59-00-147-31.csv,32.6293057740859,1477
data/capture_converted_trimmed/joint-2019-06-19-07-11-00-014__TO__joint-2019-06-19-07-11-00-014-122.csv,32.70293795547284,12
data/capture_converted_trimmed/joint-2019-06-20-18-44-00-029__TO__joint-2019-06-20-18-50-00-101-106.csv,32.71902922407825,5
data/capture_converted_trimmed/joint-2019-06-19-07-36-00-013__TO__joint-2019-06-19-07-49-00-060-54.csv,32.76593357990972,1791
data/capture_converted_trimmed/joint-2019-06-20-17-12-00-006__TO__joint-2019-06-20-17-19-00-103-145.csv,32.76946891207419,949
data/capture_converted_trimmed/joint-2019-06-16-12-06-00-026__TO__joint-2019-06-16-12-20-00-022-226.csv,32.82543306687429,930
data/capture_converted_trimmed/joint-2019-06-14-17-46-00-000__TO__joint-2019-06-14-17-56-00-007-197.csv,32.871601006373886,264
data/capture_converted_trimmed/joint-2019-06-21-08-09-00-019__TO__joint-2019-06-21-08-17-00-143-80.csv,32.894911105507454,12
data/capture_converted_trimmed/joint-2019-06-21-12-39-00-023__TO__joint-2019-06-21-12-51-00-165-226.csv,32.94819357136592,301
data/capture_converted_trimmed/joint-2019-06-15-09-55-00-024__TO__joint-2019-06-15-09-59-00-016-18.csv,32.96422447098226,177
data/capture_converted_trimmed/joint-2019-06-20-18-24-00-004__TO__joint-2019-06-20-18-24-00-004-41.csv,33.06490627722893,60
data/capture_converted_trimmed/joint-2019-06-20-05-47-00-007__TO__joint-2019-06-20-05-48-00-047-249.csv,33.0649670152307,6
data/capture_converted_trimmed/joint-2019-06-21-12-39-00-023__TO__joint-2019-06-21-12-51-00-165-2.csv,33.07628992352349,157
data/capture_converted_trimmed/joint-2019-06-15-09-55-00-024__TO__joint-2019-06-15-09-59-00-016-29.csv,33.09566136544307,7
data/capture_converted_trimmed/joint-2019-06-16-10-42-00-022__TO__joint-2019-06-16-10-53-00-032-210.csv,33.15341035035103,164
data/capture_converted_trimmed/joint-2019-06-15-09-11-00-033__TO__joint-2019-06-15-09-19-00-076-132.csv,33.1618482273565,73
data/capture_converted_trimmed/joint-2019-06-14-19-47-00-034__TO__joint-2019-06-14-19-56-00-005-158.csv,33.31360680878044,268
data/capture_converted_trimmed/joint-2019-06-16-09-06-00-027__TO__joint-2019-06-16-09-20-00-037-210.csv,33.38821557947611,149
data/capture_converted_trimmed/joint-2019-06-21-10-31-00-003__TO__joint-2019-06-21-10-44-00-103-223.csv,33.429937647223284,1499
data/capture_converted_trimmed/joint-2019-06-21-07-42-00-012__TO__joint-2019-06-21-07-50-00-061-132.csv,33.72353394487762,204
data/capture_converted_trimmed/joint-2019-06-19-06-40-00-012__TO__joint-2019-06-19-06-45-00-000-83.csv,33.778117653568806,1299
data/capture_converted_trimmed/joint-2019-06-14-18-24-00-017__TO__joint-2019-06-14-18-34-00-117-210.csv,33.78484627087968,2124
data/capture_converted_trimmed/joint-2019-06-20-06-43-00-007__TO__joint-2019-06-20-06-59-00-043-187.csv,33.828829719560275,1652
data/capture_converted_trimmed/joint-2019-06-16-13-37-00-025__TO__joint-2019-06-16-13-45-00-019-18.csv,33.83084107488376,20
data/capture_converted_trimmed/joint-2019-06-20-17-35-00-034__TO__joint-2019-06-20-17-43-00-113-122.csv,33.941882429880366,2605
data/capture_converted_trimmed/joint-2019-06-16-10-00-00-056__TO__joint-2019-06-16-10-40-00-021-252.csv,33.97988030106195,937
data/capture_converted_trimmed/joint-2019-06-20-06-43-00-007__TO__joint-2019-06-20-06-59-00-043-44.csv,34.07186077667451,956
data/capture_converted_trimmed/joint-2019-06-15-09-29-00-009__TO__joint-2019-06-15-09-35-00-005-29.csv,34.16970738016931,226
data/capture_converted_trimmed/joint-2019-06-21-10-27-00-001__TO__joint-2019-06-21-10-28-00-130-184.csv,34.195395287538624,325
data/capture_converted_trimmed/joint-2019-06-21-05-59-00-026__TO__joint-2019-06-21-05-59-00-026-31.csv,34.34450509535753,5
data/capture_converted_trimmed/joint-2019-06-21-08-31-00-014__TO__joint-2019-06-21-08-41-00-049-236.csv,34.38311069879276,1652
data/capture_converted_trimmed/joint-2019-06-14-19-05-00-012__TO__joint-2019-06-14-19-10-00-019-55.csv,34.476240458028784,166
data/capture_converted_trimmed/joint-2019-06-21-06-41-00-014__TO__joint-2019-06-21-06-59-00-136-159.csv,34.50042537581415,5610
data/capture_converted_trimmed/joint-2019-06-16-10-00-00-056__TO__joint-2019-06-16-10-40-00-021-3.csv,34.676682978499365,23
data/capture_converted_trimmed/joint-2019-06-15-08-53-00-022__TO__joint-2019-06-15-08-54-00-016-132.csv,34.78857240027548,9
data/capture_converted_trimmed/joint-2019-06-20-06-43-00-007__TO__joint-2019-06-20-06-59-00-043-29.csv,34.79452618012415,8
data/capture_converted_trimmed/joint-2019-06-20-09-00-00-129__TO__joint-2019-06-20-09-02-00-129-28.csv,34.84232253872043,779
data/capture_converted_trimmed/joint-2019-06-20-07-33-00-001__TO__joint-2019-06-20-07-48-00-139-184.csv,34.8966755781782,4541
data/capture_converted_trimmed/joint-2019-06-20-20-51-00-015__TO__joint-2019-06-20-20-56-00-105-132.csv,34.931576597662186,9
data/capture_converted_trimmed/joint-2019-06-20-07-14-00-002__TO__joint-2019-06-20-07-21-00-122-145.csv,34.94229740722124,596
data/capture_converted_trimmed/joint-2019-06-19-09-00-00-055__TO__joint-2019-06-19-09-02-00-100-96.csv,34.97710542435027,522
data/capture_converted_trimmed/joint-2019-06-16-13-37-00-025__TO__joint-2019-06-16-13-45-00-019-184.csv,35.04131332423333,384
data/capture_converted_trimmed/joint-2019-06-14-19-05-00-012__TO__joint-2019-06-14-19-10-00-019-148.csv,35.060248343703165,191
data/capture_converted_trimmed/joint-2019-06-20-07-00-00-101__TO__joint-2019-06-20-07-09-00-033-187.csv,35.106347564525606,3062
data/capture_converted_trimmed/joint-2019-06-14-20-43-00-006__TO__joint-2019-06-14-20-47-00-002-2.csv,35.212953578030316,1008
data/capture_converted_trimmed/joint-2019-06-16-08-03-00-031__TO__joint-2019-06-16-08-25-00-030-106.csv,35.34525614819383,4
data/capture_converted_trimmed/joint-2019-06-14-21-07-00-026__TO__joint-2019-06-14-21-07-00-026-83.csv,35.445253452196965,22
data/capture_converted_trimmed/joint-2019-06-20-21-02-00-016__TO__joint-2019-06-20-21-06-00-023-213.csv,35.491107078330195,8
data/capture_converted_trimmed/joint-2019-06-19-11-07-00-015__TO__joint-2019-06-19-11-19-00-157-174.csv,35.55666045229886,1285
data/capture_converted_trimmed/joint-2019-06-14-18-24-00-017__TO__joint-2019-06-14-18-34-00-117-223.csv,35.59496678919301,238
data/capture_converted_trimmed/joint-2019-06-20-06-43-00-007__TO__joint-2019-06-20-06-59-00-043-210.csv,35.6876555360755,1247
data/capture_converted_trimmed/joint-2019-06-19-11-05-00-027__TO__joint-2019-06-19-11-05-00-027-54.csv,35.7228570132362,95
data/capture_converted_trimmed/joint-2019-06-16-12-06-00-026__TO__joint-2019-06-16-12-20-00-022-109.csv,35.79467223159933,42
data/capture_converted_trimmed/joint-2019-06-21-07-21-00-022__TO__joint-2019-06-21-07-33-00-054-119.csv,35.9423508203023,3690
data/capture_converted_trimmed/joint-2019-06-16-11-28-00-011__TO__joint-2019-06-16-11-46-00-111-197.csv,36.027849204664925,14
data/capture_converted_trimmed/joint-2019-06-14-20-07-00-013__TO__joint-2019-06-14-20-15-00-032-28.csv,36.06070556730585,355
data/capture_converted_trimmed/joint-2019-06-21-08-02-00-033__TO__joint-2019-06-21-08-04-00-028-249.csv,36.07890906316407,689
data/capture_converted_trimmed/joint-2019-06-20-08-51-00-014__TO__joint-2019-06-20-08-59-00-155-28.csv,36.09150747035973,3045
data/capture_converted_trimmed/joint-2019-06-14-18-37-00-030__TO__joint-2019-06-14-18-59-00-026-96.csv,36.16901025456329,24
data/capture_converted_trimmed/joint-2019-06-14-15-09-00-000__TO__joint-2019-06-14-15-59-00-057-83.csv,36.23937597342136,115
data/capture_converted_trimmed/joint-2019-06-20-05-57-00-038__TO__joint-2019-06-20-05-58-00-026-161.csv,36.281564192280605,510
data/capture_converted_trimmed/joint-2019-06-20-09-58-00-020__TO__joint-2019-06-20-09-59-00-001-210.csv,36.51220319627548,189
data/capture_converted_trimmed/joint-2019-06-14-19-05-00-012__TO__joint-2019-06-14-19-10-00-019-236.csv,36.5579165287837,437
data/capture_converted_trimmed/joint-2019-06-16-13-11-00-025__TO__joint-2019-06-16-13-14-00-042-122.csv,36.59154197722602,29
data/capture_converted_trimmed/joint-2019-06-19-08-13-00-023__TO__joint-2019-06-19-08-23-00-150-28.csv,36.606320607346866,1331
data/capture_converted_trimmed/joint-2019-06-15-07-40-00-008__TO__joint-2019-06-15-07-50-00-122-171.csv,36.81086021744471,1861
data/capture_converted_trimmed/joint-2019-06-20-16-10-00-006__TO__joint-2019-06-20-16-10-00-006-5.csv,36.87620580615161,13
data/capture_converted_trimmed/joint-2019-06-19-08-00-00-004__TO__joint-2019-06-19-08-04-00-054-133.csv,37.035827498941195,1218
data/capture_converted_trimmed/joint-2019-06-17-17-43-00-011__TO__joint-2019-06-17-17-43-00-011-2.csv,37.09728426298162,98
data/capture_converted_trimmed/joint-2019-06-16-09-45-00-002__TO__joint-2019-06-16-09-59-00-078-237.csv,37.184498425134336,1260
data/capture_converted_trimmed/joint-2019-06-16-11-00-00-136__TO__joint-2019-06-16-11-06-00-030-249.csv,37.18959322029574,76
data/capture_converted_trimmed/joint-2019-06-16-14-19-00-000__TO__joint-2019-06-16-14-23-00-105-171.csv,37.24185178903761,188
data/capture_converted_trimmed/joint-2019-06-16-15-05-00-039__TO__joint-2019-06-16-15-07-00-012-80.csv,37.24259268158707,383
data/capture_converted_trimmed/joint-2019-06-19-08-44-00-011__TO__joint-2019-06-19-08-59-00-127-96.csv,37.38689289629149,4796
data/capture_converted_trimmed/joint-2019-06-15-18-50-00-033__TO__joint-2019-06-15-18-53-00-061-119.csv,37.39837590663015,45
data/capture_converted_trimmed/joint-2019-06-16-12-55-00-005__TO__joint-2019-06-16-12-55-00-005-41.csv,37.43686447502577,4
data/capture_converted_trimmed/joint-2019-06-15-09-11-00-033__TO__joint-2019-06-15-09-19-00-076-83.csv,37.474168855711355,791
data/capture_converted_trimmed/joint-2019-06-21-10-05-00-009__TO__joint-2019-06-21-10-08-00-113-184.csv,37.65265167973662,406
data/capture_converted_trimmed/joint-2019-06-20-18-06-00-010__TO__joint-2019-06-20-18-06-00-010-2.csv,37.68123085563323,23
data/capture_converted_trimmed/joint-2019-06-20-10-04-00-003__TO__joint-2019-06-20-10-11-00-024-239.csv,37.72204065516499,1555
data/capture_converted_trimmed/joint-2019-06-21-09-29-00-022__TO__joint-2019-06-21-09-32-00-027-252.csv,37.76044911304242,453
data/capture_converted_trimmed/joint-2019-06-16-09-45-00-002__TO__joint-2019-06-16-09-59-00-078-2.csv,37.85745204632094,242
data/capture_converted_trimmed/joint-2019-06-14-17-58-00-009__TO__joint-2019-06-14-17-59-00-013-41.csv,37.91834358732271,8
data/capture_converted_trimmed/joint-2019-06-20-10-04-00-003__TO__joint-2019-06-20-10-11-00-024-158.csv,37.98205844987796,764
data/capture_converted_trimmed/joint-2019-06-15-10-00-00-020__TO__joint-2019-06-15-10-04-00-019-185.csv,38.00579900525232,369
data/capture_converted_trimmed/joint-2019-06-16-11-28-00-011__TO__joint-2019-06-16-11-46-00-111-135.csv,38.01846852073396,1554
data/capture_converted_trimmed/joint-2019-06-14-18-37-00-030__TO__joint-2019-06-14-18-59-00-026-106.csv,38.11681331174373,59
data/capture_converted_trimmed/joint-2019-06-16-12-22-00-017__TO__joint-2019-06-16-12-33-00-025-174.csv,38.15257058541227,36
data/capture_converted_trimmed/joint-2019-06-16-12-22-00-017__TO__joint-2019-06-16-12-33-00-025-210.csv,38.19706493653785,167
data/capture_converted_trimmed/joint-2019-06-16-08-03-00-031__TO__joint-2019-06-16-08-25-00-030-249.csv,38.2137724723036,619
data/capture_converted_trimmed/joint-2019-06-16-13-37-00-025__TO__joint-2019-06-16-13-45-00-019-210.csv,38.28035112599877,185
data/capture_converted_trimmed/joint-2019-06-20-08-00-00-073__TO__joint-2019-06-20-08-02-00-066-249.csv,38.288081384975825,743
data/capture_converted_trimmed/joint-2019-06-15-06-39-00-011__TO__joint-2019-06-15-06-49-00-070-236.csv,38.294168891963196,1431
data/capture_converted_trimmed/joint-2019-06-15-07-31-00-021__TO__joint-2019-06-15-07-33-00-138-236.csv,38.30770863355298,276
data/capture_converted_trimmed/joint-2019-06-16-12-06-00-026__TO__joint-2019-06-16-12-20-00-022-15.csv,38.31937108874006,2032
data/capture_converted_trimmed/joint-2019-06-15-13-03-00-027__TO__joint-2019-06-15-13-07-00-053-2.csv,38.46564899613008,679
data/capture_converted_trimmed/joint-2019-06-20-19-02-00-014__TO__joint-2019-06-20-19-04-00-030-28.csv,38.5211367198695,153
data/capture_converted_trimmed/joint-2019-06-19-07-36-00-013__TO__joint-2019-06-19-07-49-00-060-81.csv,38.529386514317736,880
data/capture_converted_trimmed/joint-2019-06-16-09-06-00-027__TO__joint-2019-06-16-09-20-00-037-211.csv,38.55048938188459,441
data/capture_converted_trimmed/joint-2019-06-21-07-55-00-010__TO__joint-2019-06-21-07-59-00-110-213.csv,38.584001444038726,313
data/capture_converted_trimmed/joint-2019-06-21-10-31-00-003__TO__joint-2019-06-21-10-44-00-103-185.csv,38.588975875857805,335
data/capture_converted_trimmed/joint-2019-06-16-08-03-00-031__TO__joint-2019-06-16-08-25-00-030-185.csv,38.640807695571645,594
data/capture_converted_trimmed/joint-2019-06-16-11-28-00-011__TO__joint-2019-06-16-11-46-00-111-211.csv,38.64614970376147,1528
data/capture_converted_trimmed/joint-2019-06-20-20-51-00-015__TO__joint-2019-06-20-20-56-00-105-159.csv,38.66367847712925,1186
data/capture_converted_trimmed/joint-2019-06-14-20-43-00-006__TO__joint-2019-06-14-20-47-00-002-5.csv,38.811606295413746,8
data/capture_converted_trimmed/joint-2019-06-15-09-00-00-011__TO__joint-2019-06-15-09-01-00-006-83.csv,38.86245502966878,161
data/capture_converted_trimmed/joint-2019-06-19-12-47-00-026__TO__joint-2019-06-19-12-59-00-162-210.csv,39.00772692880935,37
data/capture_converted_trimmed/joint-2019-06-15-13-03-00-027__TO__joint-2019-06-15-13-07-00-053-5.csv,39.10989442378727,168
data/capture_converted_trimmed/joint-2019-06-20-06-43-00-007__TO__joint-2019-06-20-06-59-00-043-54.csv,39.17912989385011,911
data/capture_converted_trimmed/joint-2019-06-15-08-06-00-002__TO__joint-2019-06-15-08-23-00-071-5.csv,39.333517067724955,4724
data/capture_converted_trimmed/joint-2019-06-15-10-06-00-019__TO__joint-2019-06-15-10-11-00-100-57.csv,39.46197990412141,386
data/capture_converted_trimmed/joint-2019-06-16-14-28-00-002__TO__joint-2019-06-16-14-41-00-031-83.csv,39.47979585368331,772
data/capture_converted_trimmed/joint-2019-06-19-08-38-00-019__TO__joint-2019-06-19-08-42-00-118-223.csv,39.740335774051516,698
data/capture_converted_trimmed/joint-2019-06-19-07-55-00-010__TO__joint-2019-06-19-07-59-00-004-145.csv,39.779419562234416,1061
data/capture_converted_trimmed/joint-2019-06-19-10-15-00-021__TO__joint-2019-06-19-10-16-00-155-237.csv,39.88081890020256,103
data/capture_converted_trimmed/joint-2019-06-16-10-00-00-056__TO__joint-2019-06-16-10-40-00-021-133.csv,39.91715407141235,10
data/capture_converted_trimmed/joint-2019-06-19-11-07-00-015__TO__joint-2019-06-19-11-19-00-157-223.csv,40.12010775388074,603
data/capture_converted_trimmed/joint-2019-06-19-09-47-00-001__TO__joint-2019-06-19-09-54-00-092-185.csv,40.215647507239986,770
data/capture_converted_trimmed/joint-2019-06-19-10-22-00-019__TO__joint-2019-06-19-10-22-00-019-18.csv,40.22027943792861,161
data/capture_converted_trimmed/joint-2019-06-14-19-47-00-034__TO__joint-2019-06-14-19-56-00-005-81.csv,40.24077529127665,548
data/capture_converted_trimmed/joint-2019-06-20-07-14-00-002__TO__joint-2019-06-20-07-21-00-122-81.csv,40.401200188964566,1194
data/capture_converted_trimmed/joint-2019-06-19-07-36-00-013__TO__joint-2019-06-19-07-49-00-060-213.csv,40.413550729205234,634
data/capture_converted_trimmed/joint-2019-06-16-13-00-00-052__TO__joint-2019-06-16-13-08-00-033-80.csv,40.42109670261473,9
data/capture_converted_trimmed/joint-2019-06-14-18-37-00-030__TO__joint-2019-06-14-18-59-00-026-239.csv,40.456106521863816,1935
data/capture_converted_trimmed/joint-2019-06-14-19-37-00-001__TO__joint-2019-06-14-19-38-00-110-67.csv,40.46435132869687,56
data/capture_converted_trimmed/joint-2019-06-16-09-00-00-053__TO__joint-2019-06-16-09-04-00-002-107.csv,40.5098278937206,7
data/capture_converted_trimmed/joint-2019-06-21-07-42-00-012__TO__joint-2019-06-21-07-50-00-061-96.csv,40.62944479195477,887
data/capture_converted_trimmed/joint-2019-06-16-08-50-00-000__TO__joint-2019-06-16-08-59-00-135-132.csv,40.6647949241885,2498
data/capture_converted_trimmed/joint-2019-06-21-05-51-00-026__TO__joint-2019-06-21-05-52-00-124-174.csv,40.689631851988516,6
data/capture_converted_trimmed/joint-2019-06-16-09-45-00-002__TO__joint-2019-06-16-09-59-00-078-106.csv,40.70451981479365,47
data/capture_converted_trimmed/joint-2019-06-20-12-36-00-021__TO__joint-2019-06-20-12-38-00-013-106.csv,40.71725959326562,388
data/capture_converted_trimmed/joint-2019-06-14-20-34-00-012__TO__joint-2019-06-14-20-35-00-088-55.csv,40.809833117672206,235
data/capture_converted_trimmed/joint-2019-06-14-18-00-00-035__TO__joint-2019-06-14-18-03-00-287-210.csv,40.81262892273377,442
data/capture_converted_trimmed/joint-2019-06-20-21-02-00-016__TO__joint-2019-06-20-21-06-00-023-132.csv,41.01180064965678,1038
data/capture_converted_trimmed/joint-2019-06-19-11-07-00-015__TO__joint-2019-06-19-11-19-00-157-159.csv,41.07889987741316,325
data/capture_converted_trimmed/joint-2019-06-19-12-47-00-026__TO__joint-2019-06-19-12-59-00-162-200.csv,41.197825434499244,7
data/capture_converted_trimmed/joint-2019-06-19-12-47-00-026__TO__joint-2019-06-19-12-59-00-162-81.csv,41.242947119130214,6
data/capture_converted_trimmed/joint-2019-06-20-09-44-00-019__TO__joint-2019-06-20-09-55-00-241-28.csv,41.327831715547056,1325
data/capture_converted_trimmed/joint-2019-06-15-18-56-00-001__TO__joint-2019-06-15-18-59-00-087-210.csv,41.35062004998026,1115
data/capture_converted_trimmed/joint-2019-06-16-09-45-00-002__TO__joint-2019-06-16-09-59-00-078-158.csv,41.361313041830705,333
data/capture_converted_trimmed/joint-2019-06-15-09-11-00-033__TO__joint-2019-06-15-09-19-00-076-158.csv,41.37653462918797,733
data/capture_converted_trimmed/joint-2019-06-21-08-44-00-002__TO__joint-2019-06-21-08-52-00-038-41.csv,41.38899467926912,1971
data/capture_converted_trimmed/joint-2019-06-14-18-37-00-030__TO__joint-2019-06-14-18-59-00-026-5.csv,41.438031599358396,323
data/capture_converted_trimmed/joint-2019-06-14-20-43-00-006__TO__joint-2019-06-14-20-47-00-002-54.csv,41.453544612664395,3
data/capture_converted_trimmed/joint-2019-06-20-18-11-00-014__TO__joint-2019-06-20-18-11-00-014-185.csv,41.46653209548427,50
data/capture_converted_trimmed/joint-2019-06-16-12-22-00-017__TO__joint-2019-06-16-12-33-00-025-80.csv,41.46682895728492,100
data/capture_converted_trimmed/joint-2019-06-21-09-29-00-022__TO__joint-2019-06-21-09-32-00-027-184.csv,41.46773062385838,195
data/capture_converted_trimmed/joint-2019-06-19-06-30-00-006__TO__joint-2019-06-19-06-30-00-006-184.csv,41.628187630655624,18
data/capture_converted_trimmed/joint-2019-06-14-19-47-00-034__TO__joint-2019-06-14-19-56-00-005-132.csv,41.67074144868422,207
data/capture_converted_trimmed/joint-2019-06-16-08-27-00-015__TO__joint-2019-06-16-08-35-00-117-184.csv,41.675708704849264,3
data/capture_converted_trimmed/joint-2019-06-20-19-12-00-005__TO__joint-2019-06-20-19-15-00-020-226.csv,41.762400143620106,122
data/capture_converted_trimmed/joint-2019-06-15-09-40-00-012__TO__joint-2019-06-15-09-42-00-083-67.csv,41.80250455982308,538
data/capture_converted_trimmed/joint-2019-06-20-11-41-00-011__TO__joint-2019-06-20-11-45-00-027-133.csv,41.82533699677853,227
data/capture_converted_trimmed/joint-2019-06-20-20-09-00-006__TO__joint-2019-06-20-20-10-00-013-29.csv,41.830522439270965,56
data/capture_converted_trimmed/joint-2019-06-15-08-01-00-017__TO__joint-2019-06-15-08-02-00-078-132.csv,41.89088413770999,160
data/capture_converted_trimmed/joint-2019-06-16-10-42-00-022__TO__joint-2019-06-16-10-53-00-032-54.csv,41.93204376189112,162
data/capture_converted_trimmed/joint-2019-06-20-12-36-00-021__TO__joint-2019-06-20-12-38-00-013-119.csv,41.94178991419568,238
data/capture_converted_trimmed/joint-2019-06-15-06-39-00-011__TO__joint-2019-06-15-06-49-00-070-119.csv,41.97921154232362,686
data/capture_converted_trimmed/joint-2019-06-14-19-05-00-012__TO__joint-2019-06-14-19-10-00-019-106.csv,42.095238844196196,7
data/capture_converted_trimmed/joint-2019-06-15-13-10-00-023__TO__joint-2019-06-15-13-19-00-035-57.csv,42.099141216283144,174
data/capture_converted_trimmed/joint-2019-06-16-13-19-00-017__TO__joint-2019-06-16-13-25-00-127-18.csv,42.16456291934597,48
data/capture_converted_trimmed/joint-2019-06-21-12-39-00-023__TO__joint-2019-06-21-12-51-00-165-31.csv,42.16962666384362,146
data/capture_converted_trimmed/joint-2019-06-15-12-26-00-010__TO__joint-2019-06-15-12-32-00-111-223.csv,42.246402930434925,273
data/capture_converted_trimmed/joint-2019-06-20-20-02-00-017__TO__joint-2019-06-20-20-04-00-026-28.csv,42.347416418152875,305
data/capture_converted_trimmed/joint-2019-06-15-13-03-00-027__TO__joint-2019-06-15-13-07-00-053-252.csv,42.35714271162787,93
data/capture_converted_trimmed/joint-2019-06-21-08-09-00-019__TO__joint-2019-06-21-08-17-00-143-171.csv,42.42170255932472,1628
data/capture_converted_trimmed/joint-2019-06-16-13-00-00-052__TO__joint-2019-06-16-13-08-00-033-3.csv,42.42404133929935,113
data/capture_converted_trimmed/joint-2019-06-15-11-46-00-014__TO__joint-2019-06-15-11-55-00-074-81.csv,42.44284051765354,52
data/capture_converted_trimmed/joint-2019-06-16-12-06-00-026__TO__joint-2019-06-16-12-20-00-022-187.csv,42.5364723728666,6
data/capture_converted_trimmed/joint-2019-06-16-14-28-00-002__TO__joint-2019-06-16-14-41-00-031-197.csv,42.65211585446085,10
data/capture_converted_trimmed/joint-2019-06-20-08-07-00-012__TO__joint-2019-06-20-08-16-00-121-226.csv,42.660171213397135,2998
data/capture_converted_trimmed/joint-2019-06-16-10-42-00-022__TO__joint-2019-06-16-10-53-00-032-67.csv,42.7352140650962,371
data/capture_converted_trimmed/joint-2019-06-16-11-00-00-136__TO__joint-2019-06-16-11-06-00-030-132.csv,42.76501803503506,207
data/capture_converted_trimmed/joint-2019-06-16-10-00-00-056__TO__joint-2019-06-16-10-40-00-021-132.csv,42.87534536375659,428
data/capture_converted_trimmed/joint-2019-06-15-08-36-00-020__TO__joint-2019-06-15-08-39-00-016-185.csv,42.99620655273328,1113
data/capture_converted_trimmed/joint-2019-06-20-18-44-00-029__TO__joint-2019-06-20-18-50-00-101-107.csv,43.033664497613984,339
data/capture_converted_trimmed/joint-2019-06-16-10-00-00-056__TO__joint-2019-06-16-10-40-00-021-93.csv,43.19884004642193,1284
data/capture_converted_trimmed/joint-2019-06-14-19-47-00-034__TO__joint-2019-06-14-19-56-00-005-119.csv,43.26502501559824,617
data/capture_converted_trimmed/joint-2019-06-16-13-00-00-052__TO__joint-2019-06-16-13-08-00-033-28.csv,43.29782851080451,16
data/capture_converted_trimmed/joint-2019-06-16-13-37-00-025__TO__joint-2019-06-16-13-45-00-019-5.csv,43.3592555730602,22
data/capture_converted_trimmed/joint-2019-06-14-17-46-00-000__TO__joint-2019-06-14-17-56-00-007-28.csv,43.382461852583766,83
data/capture_converted_trimmed/joint-2019-06-16-08-27-00-015__TO__joint-2019-06-16-08-35-00-117-135.csv,43.50613309368236,1223
data/capture_converted_trimmed/joint-2019-06-21-06-00-00-011__TO__joint-2019-06-21-06-03-00-134-236.csv,43.52392852382388,8
data/capture_converted_trimmed/joint-2019-06-19-05-50-00-014__TO__joint-2019-06-19-05-54-00-010-171.csv,43.53525429685693,6
data/capture_converted_trimmed/joint-2019-06-15-19-00-00-097__TO__joint-2019-06-15-19-11-00-065-197.csv,43.61428638584164,96
data/capture_converted_trimmed/joint-2019-06-16-13-47-00-006__TO__joint-2019-06-16-13-53-00-030-81.csv,43.64096561230434,117
data/capture_converted_trimmed/joint-2019-06-14-17-46-00-000__TO__joint-2019-06-14-17-56-00-007-70.csv,43.647075385777185,285
data/capture_converted_trimmed/joint-2019-06-16-10-42-00-022__TO__joint-2019-06-16-10-53-00-032-148.csv,43.72161920182552,74
data/capture_converted_trimmed/joint-2019-06-20-11-41-00-011__TO__joint-2019-06-20-11-45-00-027-223.csv,43.73220511615466,728
data/capture_converted_trimmed/joint-2019-06-20-11-41-00-011__TO__joint-2019-06-20-11-45-00-027-135.csv,43.78510713829333,8
data/capture_converted_trimmed/joint-2019-06-16-12-39-00-013__TO__joint-2019-06-16-12-43-00-005-239.csv,43.822252233119876,83
data/capture_converted_trimmed/joint-2019-06-16-14-01-00-027__TO__joint-2019-06-16-14-03-00-000-109.csv,43.90081046312158,216
data/capture_converted_trimmed/joint-2019-06-20-18-01-00-004__TO__joint-2019-06-20-18-02-00-122-18.csv,43.902770226820074,67
data/capture_converted_trimmed/joint-2019-06-16-09-45-00-002__TO__joint-2019-06-16-09-59-00-078-239.csv,43.906063108377246,787
data/capture_converted_trimmed/joint-2019-06-16-09-45-00-002__TO__joint-2019-06-16-09-59-00-078-3.csv,43.99515010490089,20
data/capture_converted_trimmed/joint-2019-06-16-11-23-00-027__TO__joint-2019-06-16-11-25-00-001-28.csv,44.06152892503147,5
data/capture_converted_trimmed/joint-2019-06-16-10-00-00-056__TO__joint-2019-06-16-10-40-00-021-119.csv,44.087802469125286,78
data/capture_converted_trimmed/joint-2019-06-16-13-32-00-000__TO__joint-2019-06-16-13-35-00-011-211.csv,44.12654727703907,284
data/capture_converted_trimmed/joint-2019-06-16-09-45-00-002__TO__joint-2019-06-16-09-59-00-078-210.csv,44.13676883093022,413
data/capture_converted_trimmed/joint-2019-06-16-10-55-00-000__TO__joint-2019-06-16-10-56-00-026-161.csv,44.27344762755915,149
data/capture_converted_trimmed/joint-2019-06-15-09-55-00-024__TO__joint-2019-06-15-09-59-00-016-174.csv,44.327297301698195,8
data/capture_converted_trimmed/joint-2019-06-14-17-46-00-000__TO__joint-2019-06-14-17-56-00-007-55.csv,44.333348926054704,12
data/capture_converted_trimmed/joint-2019-06-16-13-47-00-006__TO__joint-2019-06-16-13-53-00-030-15.csv,44.34951510120877,660
data/capture_converted_trimmed/joint-2019-06-16-08-27-00-015__TO__joint-2019-06-16-08-35-00-117-252.csv,44.351814577053965,16
data/capture_converted_trimmed/joint-2019-06-16-14-06-00-014__TO__joint-2019-06-16-14-10-00-077-28.csv,44.357205107772586,23
data/capture_converted_trimmed/joint-2019-06-19-07-00-00-024__TO__joint-2019-06-19-07-03-00-071-239.csv,44.37587415051726,368
data/capture_converted_trimmed/joint-2019-06-16-09-00-00-053__TO__joint-2019-06-16-09-04-00-002-31.csv,44.411995190890856,33
data/capture_converted_trimmed/joint-2019-06-16-07-18-00-023__TO__joint-2019-06-16-07-20-00-036-132.csv,44.41390396408452,4
data/capture_converted_trimmed/joint-2019-06-16-08-03-00-031__TO__joint-2019-06-16-08-25-00-030-2.csv,44.665517264553465,1551
data/capture_converted_trimmed/joint-2019-06-15-12-26-00-010__TO__joint-2019-06-15-12-32-00-111-54.csv,44.68207723654397,8
data/capture_converted_trimmed/joint-2019-06-17-11-11-00-024__TO__joint-2019-06-17-11-12-00-016-197.csv,44.6832071083063,123
data/capture_converted_trimmed/joint-2019-06-19-06-40-00-012__TO__joint-2019-06-19-06-45-00-000-3.csv,44.9079182208455,5
data/capture_converted_trimmed/joint-2019-06-21-05-51-00-026__TO__joint-2019-06-21-05-52-00-124-184.csv,45.02956903437967,195
data/capture_converted_trimmed/joint-2019-06-15-19-41-00-012__TO__joint-2019-06-15-19-42-00-090-200.csv,45.03430341726073,29
data/capture_converted_trimmed/joint-2019-06-14-18-12-00-019__TO__joint-2019-06-14-18-16-00-028-200.csv,45.09209701327395,643
data/capture_converted_trimmed/joint-2019-06-14-17-16-00-011__TO__joint-2019-06-14-17-22-00-122-159.csv,45.15809931699803,1057
data/capture_converted_trimmed/joint-2019-06-15-09-29-00-009__TO__joint-2019-06-15-09-35-00-005-252.csv,45.258182413998284,465
data/capture_converted_trimmed/joint-2019-06-16-08-03-00-031__TO__joint-2019-06-16-08-25-00-030-29.csv,45.26912373364632,324
data/capture_converted_trimmed/joint-2019-06-14-20-00-00-146__TO__joint-2019-06-14-20-02-00-085-185.csv,45.361049653739634,270
data/capture_converted_trimmed/joint-2019-06-15-07-40-00-008__TO__joint-2019-06-15-07-50-00-122-96.csv,45.42142360903014,539
data/capture_converted_trimmed/joint-2019-06-16-09-06-00-027__TO__joint-2019-06-16-09-20-00-037-67.csv,45.516269532154645,401
data/capture_converted_trimmed/joint-2019-06-16-12-22-00-017__TO__joint-2019-06-16-12-33-00-025-158.csv,45.55624804055526,205
data/capture_converted_trimmed/joint-2019-06-16-12-22-00-017__TO__joint-2019-06-16-12-33-00-025-31.csv,45.65556911541842,91
data/capture_converted_trimmed/joint-2019-06-15-18-27-00-009__TO__joint-2019-06-15-18-31-00-106-81.csv,45.818320485697065,458
data/capture_converted_trimmed/joint-2019-06-21-10-31-00-003__TO__joint-2019-06-21-10-44-00-103-210.csv,45.819946690588345,622
data/capture_converted_trimmed/joint-2019-06-19-05-50-00-014__TO__joint-2019-06-19-05-54-00-010-252.csv,46.048641257961236,618
data/capture_converted_trimmed/joint-2019-06-16-12-39-00-013__TO__joint-2019-06-16-12-43-00-005-29.csv,46.08820662452891,3
data/capture_converted_trimmed/joint-2019-06-16-08-03-00-031__TO__joint-2019-06-16-08-25-00-030-210.csv,46.22313628146597,82
data/capture_converted_trimmed/joint-2019-06-14-20-07-00-013__TO__joint-2019-06-14-20-15-00-032-158.csv,46.46726166453346,13
data/capture_converted_trimmed/joint-2019-06-20-10-23-00-001__TO__joint-2019-06-20-10-23-00-001-29.csv,46.564877729992894,53
data/capture_converted_trimmed/joint-2019-06-16-12-06-00-026__TO__joint-2019-06-16-12-20-00-022-83.csv,46.71712450607086,269
data/capture_converted_trimmed/joint-2019-06-14-20-07-00-013__TO__joint-2019-06-14-20-15-00-032-119.csv,46.82112169912192,299
data/capture_converted_trimmed/joint-2019-06-15-11-46-00-014__TO__joint-2019-06-15-11-55-00-074-213.csv,46.87188594608161,2789
data/capture_converted_trimmed/joint-2019-06-20-19-02-00-014__TO__joint-2019-06-20-19-04-00-030-57.csv,46.90927855005826,369
data/capture_converted_trimmed/joint-2019-06-16-10-42-00-022__TO__joint-2019-06-16-10-53-00-032-158.csv,46.930623930807926,65
data/capture_converted_trimmed/joint-2019-06-14-17-13-00-018__TO__joint-2019-06-14-17-14-00-018-70.csv,46.94423430389512,254
data/capture_converted_trimmed/joint-2019-06-16-07-18-00-023__TO__joint-2019-06-16-07-20-00-036-236.csv,46.978176712516046,420
data/capture_converted_trimmed/joint-2019-06-16-10-42-00-022__TO__joint-2019-06-16-10-53-00-032-5.csv,47.06071974218014,649
data/capture_converted_trimmed/joint-2019-06-16-14-19-00-000__TO__joint-2019-06-16-14-23-00-105-107.csv,47.09983546523652,25
data/capture_converted_trimmed/joint-2019-06-14-17-16-00-011__TO__joint-2019-06-14-17-22-00-122-106.csv,47.37112206782561,392
data/capture_converted_trimmed/joint-2019-06-19-10-03-00-005__TO__joint-2019-06-19-10-06-00-047-236.csv,47.448706836482074,338
data/capture_converted_trimmed/joint-2019-06-16-08-00-00-016__TO__joint-2019-06-16-08-00-00-016-28.csv,47.54440210457537,4
data/capture_converted_trimmed/joint-2019-06-14-17-46-00-000__TO__joint-2019-06-14-17-56-00-007-185.csv,47.57168936400382,10
data/capture_converted_trimmed/joint-2019-06-19-11-05-00-027__TO__joint-2019-06-19-11-05-00-027-31.csv,47.577304044522144,8
data/capture_converted_trimmed/joint-2019-06-14-18-20-00-022__TO__joint-2019-06-14-18-22-00-131-57.csv,47.75886163512649,482
data/capture_converted_trimmed/joint-2019-06-14-17-58-00-009__TO__joint-2019-06-14-17-59-00-013-210.csv,47.79417142997419,107
data/capture_converted_trimmed/joint-2019-06-19-08-13-00-023__TO__joint-2019-06-19-08-23-00-150-96.csv,47.915835445652455,1790
data/capture_converted_trimmed/joint-2019-06-14-17-16-00-011__TO__joint-2019-06-14-17-22-00-122-223.csv,47.94858201255513,382
data/capture_converted_trimmed/joint-2019-06-16-09-06-00-027__TO__joint-2019-06-16-09-20-00-037-226.csv,47.96353826195579,124
data/capture_converted_trimmed/joint-2019-06-16-10-42-00-022__TO__joint-2019-06-16-10-53-00-032-3.csv,48.240085148244525,518
data/capture_converted_trimmed/joint-2019-06-20-21-02-00-016__TO__joint-2019-06-20-21-06-00-023-44.csv,48.296407918065746,8
data/capture_converted_trimmed/joint-2019-06-21-08-23-00-016__TO__joint-2019-06-21-08-28-00-040-158.csv,48.39754562163853,900
data/capture_converted_trimmed/joint-2019-06-21-08-31-00-014__TO__joint-2019-06-21-08-41-00-049-70.csv,48.475326746482345,1399
data/capture_converted_trimmed/joint-2019-06-19-06-53-00-032__TO__joint-2019-06-19-06-55-00-089-158.csv,48.49031735432169,370
data/capture_converted_trimmed/joint-2019-06-21-08-23-00-016__TO__joint-2019-06-21-08-28-00-040-70.csv,48.564298728233425,178
data/capture_converted_trimmed/joint-2019-06-20-12-27-00-009__TO__joint-2019-06-20-12-28-00-147-31.csv,48.59862778999767,362
data/capture_converted_trimmed/joint-2019-06-16-14-28-00-002__TO__joint-2019-06-16-14-41-00-031-210.csv,48.75454921955237,41
data/capture_converted_trimmed/joint-2019-06-20-18-42-00-031__TO__joint-2019-06-20-18-42-00-031-18.csv,48.77363659901047,204
data/capture_converted_trimmed/joint-2019-06-15-09-11-00-033__TO__joint-2019-06-15-09-19-00-076-28.csv,48.80168732557789,19
data/capture_converted_trimmed/joint-2019-06-14-18-12-00-019__TO__joint-2019-06-14-18-16-00-028-237.csv,48.843051439382975,356
data/capture_converted_trimmed/joint-2019-06-16-12-36-00-022__TO__joint-2019-06-16-12-37-00-016-237.csv,48.924069710289004,259
data/capture_converted_trimmed/joint-2019-06-16-11-50-00-024__TO__joint-2019-06-16-11-50-00-024-67.csv,48.93154418910852,49
data/capture_converted_trimmed/joint-2019-06-16-10-42-00-022__TO__joint-2019-06-16-10-53-00-032-107.csv,48.94945894534862,287
data/capture_converted_trimmed/joint-2019-06-20-17-50-00-007__TO__joint-2019-06-20-17-51-00-045-210.csv,49.01711513863249,70
data/capture_converted_trimmed/joint-2019-06-20-18-56-00-004__TO__joint-2019-06-20-18-57-00-145-236.csv,49.05830907598944,129
data/capture_converted_trimmed/joint-2019-06-15-10-00-00-020__TO__joint-2019-06-15-10-04-00-019-122.csv,49.261519977112854,35
data/capture_converted_trimmed/joint-2019-06-14-20-07-00-013__TO__joint-2019-06-14-20-15-00-032-174.csv,49.488011447043704,1802
data/capture_converted_trimmed/joint-2019-06-21-07-42-00-012__TO__joint-2019-06-21-07-50-00-061-210.csv,49.56985968649085,1468
data/capture_converted_trimmed/joint-2019-06-21-08-31-00-014__TO__joint-2019-06-21-08-41-00-049-41.csv,49.63555263393908,357
data/capture_converted_trimmed/joint-2019-06-15-05-53-00-002__TO__joint-2019-06-15-05-58-00-010-5.csv,49.77821534613312,328
data/capture_converted_trimmed/joint-2019-06-15-11-46-00-014__TO__joint-2019-06-15-11-55-00-074-148.csv,49.79756622394107,266
data/capture_converted_trimmed/joint-2019-06-15-10-00-00-020__TO__joint-2019-06-15-10-04-00-019-57.csv,49.863396055470965,40
data/capture_converted_trimmed/joint-2019-06-16-10-55-00-000__TO__joint-2019-06-16-10-56-00-026-171.csv,49.890441627953265,57
data/capture_converted_trimmed/joint-2019-06-20-07-50-00-002__TO__joint-2019-06-20-07-59-00-147-159.csv,50.01460176708628,401
data/capture_converted_trimmed/joint-2019-06-15-12-14-00-016__TO__joint-2019-06-15-12-19-00-021-132.csv,50.13714351654798,282
data/capture_converted_trimmed/joint-2019-06-16-13-11-00-025__TO__joint-2019-06-16-13-14-00-042-187.csv,50.22793835373287,98
data/capture_converted_trimmed/joint-2019-06-16-09-00-00-053__TO__joint-2019-06-16-09-04-00-002-96.csv,50.37945278605651,913
data/capture_converted_trimmed/joint-2019-06-16-09-45-00-002__TO__joint-2019-06-16-09-59-00-078-18.csv,50.49113446822923,103
data/capture_converted_trimmed/joint-2019-06-16-10-00-00-056__TO__joint-2019-06-16-10-40-00-021-174.csv,50.54884777762624,541
data/capture_converted_trimmed/joint-2019-06-21-08-09-00-019__TO__joint-2019-06-21-08-17-00-143-3.csv,50.571187552301936,29
data/capture_converted_trimmed/joint-2019-06-14-17-41-00-024__TO__joint-2019-06-14-17-43-00-034-211.csv,50.80391155682307,267
data/capture_converted_trimmed/joint-2019-06-16-13-37-00-025__TO__joint-2019-06-16-13-45-00-019-29.csv,50.86807903019909,173
data/capture_converted_trimmed/joint-2019-06-16-08-00-00-016__TO__joint-2019-06-16-08-00-00-016-184.csv,50.8790795198181,11
data/capture_converted_trimmed/joint-2019-06-16-14-28-00-002__TO__joint-2019-06-16-14-41-00-031-145.csv,50.886558275855776,13
data/capture_converted_trimmed/joint-2019-06-15-06-29-00-000__TO__joint-2019-06-15-06-29-00-000-83.csv,51.34909773709833,18
data/capture_converted_trimmed/joint-2019-06-15-19-00-00-097__TO__joint-2019-06-15-19-11-00-065-80.csv,51.414365846292284,5
data/capture_converted_trimmed/joint-2019-06-16-10-00-00-056__TO__joint-2019-06-16-10-40-00-021-2.csv,51.53702813418863,851
data/capture_converted_trimmed/joint-2019-06-15-13-03-00-027__TO__joint-2019-06-15-13-07-00-053-236.csv,51.54075459742222,622
data/capture_converted_trimmed/joint-2019-06-14-18-37-00-030__TO__joint-2019-06-14-18-59-00-026-31.csv,51.588277521129676,185
data/capture_converted_trimmed/joint-2019-06-19-12-40-00-002__TO__joint-2019-06-19-12-40-00-002-80.csv,51.75470242420853,11
data/capture_converted_trimmed/joint-2019-06-19-09-47-00-001__TO__joint-2019-06-19-09-54-00-092-132.csv,51.82562280081219,891
data/capture_converted_trimmed/joint-2019-06-15-09-11-00-033__TO__joint-2019-06-15-09-19-00-076-184.csv,51.931801390285,294
data/capture_converted_trimmed/joint-2019-06-16-09-06-00-027__TO__joint-2019-06-16-09-20-00-037-132.csv,51.96287354347286,975
data/capture_converted_trimmed/joint-2019-06-19-07-11-00-014__TO__joint-2019-06-19-07-11-00-014-28.csv,51.965535128316326,12
data/capture_converted_trimmed/joint-2019-06-14-17-00-00-000__TO__joint-2019-06-14-17-00-00-000-210.csv,51.97387579924526,45
data/capture_converted_trimmed/joint-2019-06-15-07-00-00-015__TO__joint-2019-06-15-07-07-00-023-185.csv,52.016720432835,337
data/capture_converted_trimmed/joint-2019-06-14-17-26-00-002__TO__joint-2019-06-14-17-28-00-067-200.csv,52.054421434575886,76
data/capture_converted_trimmed/joint-2019-06-19-07-00-00-024__TO__joint-2019-06-19-07-03-00-071-119.csv,52.09210854491816,13
data/capture_converted_trimmed/joint-2019-06-16-11-14-00-024__TO__joint-2019-06-16-11-19-00-023-132.csv,52.19109806129598,220
data/capture_converted_trimmed/joint-2019-06-21-12-39-00-023__TO__joint-2019-06-21-12-51-00-165-184.csv,52.27757765546983,118
data/capture_converted_trimmed/joint-2019-06-15-08-53-00-022__TO__joint-2019-06-15-08-54-00-016-210.csv,52.44780648910598,7
data/capture_converted_trimmed/joint-2019-06-21-10-31-00-003__TO__joint-2019-06-21-10-44-00-103-145.csv,52.4496821882892,569
data/capture_converted_trimmed/joint-2019-06-14-19-47-00-034__TO__joint-2019-06-14-19-56-00-005-135.csv,52.5633311234467,210
data/capture_converted_trimmed/joint-2019-06-16-13-00-00-052__TO__joint-2019-06-16-13-08-00-033-237.csv,52.69420305455822,10
data/capture_converted_trimmed/joint-2019-06-19-11-07-00-015__TO__joint-2019-06-19-11-19-00-157-239.csv,52.715819063548345,135
data/capture_converted_trimmed/joint-2019-06-15-09-29-00-009__TO__joint-2019-06-15-09-35-00-005-187.csv,52.82327145027178,457
data/capture_converted_trimmed/joint-2019-06-21-12-39-00-023__TO__joint-2019-06-21-12-51-00-165-158.csv,52.839179114610175,118
data/capture_converted_trimmed/joint-2019-06-16-13-11-00-025__TO__joint-2019-06-16-13-14-00-042-41.csv,52.95623607997841,46
data/capture_converted_trimmed/joint-2019-06-15-07-00-00-015__TO__joint-2019-06-15-07-07-00-023-70.csv,52.96085381732649,354
data/capture_converted_trimmed/joint-2019-06-14-18-12-00-019__TO__joint-2019-06-14-18-16-00-028-171.csv,52.96648779430728,9
data/capture_converted_trimmed/joint-2019-06-16-10-42-00-022__TO__joint-2019-06-16-10-53-00-032-252.csv,52.97585043153671,167
data/capture_converted_trimmed/joint-2019-06-15-08-27-00-029__TO__joint-2019-06-15-08-30-00-021-210.csv,53.10620896710284,373
data/capture_converted_trimmed/joint-2019-06-15-18-56-00-001__TO__joint-2019-06-15-18-59-00-087-106.csv,53.34995186640564,306
data/capture_converted_trimmed/joint-2019-06-21-06-00-00-011__TO__joint-2019-06-21-06-03-00-134-15.csv,53.38782513130273,5
data/capture_converted_trimmed/joint-2019-06-16-12-06-00-026__TO__joint-2019-06-16-12-20-00-022-41.csv,53.43998634482513,242
data/capture_converted_trimmed/joint-2019-06-16-12-06-00-026__TO__joint-2019-06-16-12-20-00-022-93.csv,53.61021389659855,8
data/capture_converted_trimmed/joint-2019-06-16-13-37-00-025__TO__joint-2019-06-16-13-45-00-019-93.csv,53.63691541706113,231
data/capture_converted_trimmed/joint-2019-06-14-18-24-00-017__TO__joint-2019-06-14-18-34-00-117-252.csv,53.70880394509203,296
data/capture_converted_trimmed/joint-2019-06-16-12-55-00-005__TO__joint-2019-06-16-12-55-00-005-236.csv,53.75981079794544,52
data/capture_converted_trimmed/joint-2019-06-14-15-09-00-000__TO__joint-2019-06-14-15-59-00-057-133.csv,53.779481032125005,122
data/capture_converted_trimmed/joint-2019-06-16-10-42-00-022__TO__joint-2019-06-16-10-53-00-032-145.csv,54.104723083211326,41
data/capture_converted_trimmed/joint-2019-06-16-13-55-00-028__TO__joint-2019-06-16-13-55-00-028-54.csv,54.379794267875155,4
data/capture_converted_trimmed/joint-2019-06-14-15-09-00-000__TO__joint-2019-06-14-15-59-00-057-2.csv,54.53771806149318,61
data/capture_converted_trimmed/joint-2019-06-15-07-35-00-017__TO__joint-2019-06-15-07-35-00-017-57.csv,54.67740649038028,14
data/capture_converted_trimmed/joint-2019-06-19-11-07-00-015__TO__joint-2019-06-19-11-19-00-157-28.csv,54.84843891998898,45
data/capture_converted_trimmed/joint-2019-06-16-10-00-00-056__TO__joint-2019-06-16-10-40-00-021-159.csv,54.88688997453123,292
data/capture_converted_trimmed/joint-2019-06-16-10-00-00-056__TO__joint-2019-06-16-10-40-00-021-236.csv,54.929818693152804,53
data/capture_converted_trimmed/joint-2019-06-19-06-53-00-032__TO__joint-2019-06-19-06-55-00-089-18.csv,54.98284001778454,5
data/capture_converted_trimmed/joint-2019-06-20-21-02-00-016__TO__joint-2019-06-20-21-06-00-023-107.csv,55.12503896863009,149
data/capture_converted_trimmed/joint-2019-06-21-08-44-00-002__TO__joint-2019-06-21-08-52-00-038-81.csv,55.144486048031176,566
data/capture_converted_trimmed/joint-2019-06-15-07-00-00-015__TO__joint-2019-06-15-07-07-00-023-158.csv,55.51862434300131,6
data/capture_converted_trimmed/joint-2019-06-16-14-25-00-029__TO__joint-2019-06-16-14-25-00-029-54.csv,55.5607758719699,98
data/capture_converted_trimmed/joint-2019-06-20-09-44-00-019__TO__joint-2019-06-20-09-55-00-241-15.csv,55.561223777478205,769
data/capture_converted_trimmed/joint-2019-06-16-14-28-00-002__TO__joint-2019-06-16-14-41-00-031-184.csv,55.76954885886285,692
data/capture_converted_trimmed/joint-2019-06-14-18-37-00-030__TO__joint-2019-06-14-18-59-00-026-223.csv,55.77724437298084,662
data/capture_converted_trimmed/joint-2019-06-16-11-28-00-011__TO__joint-2019-06-16-11-46-00-111-184.csv,55.83347919110133,123
data/capture_converted_trimmed/joint-2019-06-20-17-50-00-007__TO__joint-2019-06-20-17-51-00-045-109.csv,55.83902185903818,360
data/capture_converted_trimmed/joint-2019-06-15-09-29-00-009__TO__joint-2019-06-15-09-35-00-005-28.csv,55.843997072612744,296
data/capture_converted_trimmed/joint-2019-06-16-13-37-00-025__TO__joint-2019-06-16-13-45-00-019-135.csv,56.273023340243334,179
data/capture_converted_trimmed/joint-2019-06-16-11-28-00-011__TO__joint-2019-06-16-11-46-00-111-106.csv,56.27452325142451,199
data/capture_converted_trimmed/joint-2019-06-20-17-45-00-018__TO__joint-2019-06-20-17-46-00-018-132.csv,56.30465935560304,165
data/capture_converted_trimmed/joint-2019-06-21-10-31-00-003__TO__joint-2019-06-21-10-44-00-103-159.csv,56.47999574849587,10
data/capture_converted_trimmed/joint-2019-06-16-08-03-00-031__TO__joint-2019-06-16-08-25-00-030-252.csv,56.821405328091906,150
data/capture_converted_trimmed/joint-2019-06-19-07-00-00-024__TO__joint-2019-06-19-07-03-00-071-81.csv,56.93291841081417,648
data/capture_converted_trimmed/joint-2019-06-16-10-00-00-056__TO__joint-2019-06-16-10-40-00-021-81.csv,57.00042655822213,53
data/capture_converted_trimmed/joint-2019-06-14-17-41-00-024__TO__joint-2019-06-14-17-43-00-034-187.csv,57.03186081467842,119
data/capture_converted_trimmed/joint-2019-06-21-06-00-00-011__TO__joint-2019-06-21-06-03-00-134-148.csv,57.15878532313052,328
data/capture_converted_trimmed/joint-2019-06-16-14-28-00-002__TO__joint-2019-06-16-14-41-00-031-174.csv,57.43978073354432,142
data/capture_converted_trimmed/joint-2019-06-16-11-00-00-136__TO__joint-2019-06-16-11-06-00-030-54.csv,57.53727510338139,52
data/capture_converted_trimmed/joint-2019-06-16-12-06-00-026__TO__joint-2019-06-16-12-20-00-022-211.csv,57.60212869626542,56
data/capture_converted_trimmed/joint-2019-06-16-14-28-00-002__TO__joint-2019-06-16-14-41-00-031-54.csv,57.781247903462,182
data/capture_converted_trimmed/joint-2019-06-15-09-55-00-024__TO__joint-2019-06-15-09-59-00-016-239.csv,57.87308607184592,6
data/capture_converted_trimmed/joint-2019-06-16-12-39-00-013__TO__joint-2019-06-16-12-43-00-005-80.csv,58.038493546634854,702
data/capture_converted_trimmed/joint-2019-06-14-17-46-00-000__TO__joint-2019-06-14-17-56-00-007-80.csv,58.30634968952207,14
data/capture_converted_trimmed/joint-2019-06-16-08-03-00-031__TO__joint-2019-06-16-08-25-00-030-213.csv,58.34677623145207,1082
data/capture_converted_trimmed/joint-2019-06-16-12-47-00-031__TO__joint-2019-06-16-12-48-00-109-158.csv,58.424617601548476,106
data/capture_converted_trimmed/joint-2019-06-16-10-00-00-056__TO__joint-2019-06-16-10-40-00-021-210.csv,58.43033199153547,97
data/capture_converted_trimmed/joint-2019-06-19-10-03-00-005__TO__joint-2019-06-19-10-06-00-047-197.csv,58.44788586059735,288
data/capture_converted_trimmed/joint-2019-06-16-12-06-00-026__TO__joint-2019-06-16-12-20-00-022-213.csv,58.61129754690748,129
data/capture_converted_trimmed/joint-2019-06-16-12-59-00-006__TO__joint-2019-06-16-12-59-00-006-135.csv,58.66634392099984,101
data/capture_converted_trimmed/joint-2019-06-16-12-39-00-013__TO__joint-2019-06-16-12-43-00-005-174.csv,58.67356972512679,7
data/capture_converted_trimmed/joint-2019-06-20-09-58-00-020__TO__joint-2019-06-20-09-59-00-001-96.csv,58.9578465281902,188
data/capture_converted_trimmed/joint-2019-06-14-15-09-00-000__TO__joint-2019-06-14-15-59-00-057-54.csv,58.997707161173935,153
data/capture_converted_trimmed/joint-2019-06-21-08-06-00-020__TO__joint-2019-06-21-08-06-00-020-106.csv,59.05862353695641,60
data/capture_converted_trimmed/joint-2019-06-14-17-58-00-009__TO__joint-2019-06-14-17-59-00-013-44.csv,59.05899087095616,5
data/capture_converted_trimmed/joint-2019-06-16-13-00-00-052__TO__joint-2019-06-16-13-08-00-033-15.csv,59.06633360190968,38
data/capture_converted_trimmed/joint-2019-06-19-05-50-00-014__TO__joint-2019-06-19-05-54-00-010-158.csv,59.15556476578216,4
data/capture_converted_trimmed/joint-2019-06-19-08-38-00-019__TO__joint-2019-06-19-08-42-00-118-3.csv,59.39106417203417,108
data/capture_converted_trimmed/joint-2019-06-15-07-00-00-015__TO__joint-2019-06-15-07-07-00-023-106.csv,59.820840040127436,125
data/capture_converted_trimmed/joint-2019-06-15-13-10-00-023__TO__joint-2019-06-15-13-19-00-035-249.csv,59.93795573099217,64
data/capture_converted_trimmed/joint-2019-06-15-19-00-00-097__TO__joint-2019-06-15-19-11-00-065-159.csv,60.00710073766081,7
data/capture_converted_trimmed/joint-2019-06-16-11-00-00-136__TO__joint-2019-06-16-11-06-00-030-106.csv,60.115988856582966,15
data/capture_converted_trimmed/joint-2019-06-19-08-13-00-023__TO__joint-2019-06-19-08-23-00-150-54.csv,60.15197672502924,185
data/capture_converted_trimmed/joint-2019-06-17-18-11-00-024__TO__joint-2019-06-17-18-13-00-054-249.csv,60.22619773940082,8
data/capture_converted_trimmed/joint-2019-06-20-06-43-00-007__TO__joint-2019-06-20-06-59-00-043-41.csv,60.260734797921195,6
data/capture_converted_trimmed/joint-2019-06-15-05-49-00-002__TO__joint-2019-06-15-05-50-00-027-3.csv,60.317543294603425,6
data/capture_converted_trimmed/joint-2019-06-16-09-06-00-027__TO__joint-2019-06-16-09-20-00-037-18.csv,60.35207564306437,67
data/capture_converted_trimmed/joint-2019-06-16-12-22-00-017__TO__joint-2019-06-16-12-33-00-025-109.csv,60.46534316032065,166
data/capture_converted_trimmed/joint-2019-06-16-11-50-00-024__TO__joint-2019-06-16-11-50-00-024-29.csv,60.56435779843839,4
data/capture_converted_trimmed/joint-2019-06-20-05-47-00-007__TO__joint-2019-06-20-05-48-00-047-44.csv,60.82636834578145,151
data/capture_converted_trimmed/joint-2019-06-14-18-24-00-017__TO__joint-2019-06-14-18-34-00-117-145.csv,61.03230652555552,8
data/capture_converted_trimmed/joint-2019-06-16-11-23-00-027__TO__joint-2019-06-16-11-25-00-001-55.csv,61.12192523847433,37
data/capture_converted_trimmed/joint-2019-06-19-11-07-00-015__TO__joint-2019-06-19-11-19-00-157-197.csv,61.16249219874286,236
data/capture_converted_trimmed/joint-2019-06-19-10-03-00-005__TO__joint-2019-06-19-10-06-00-047-174.csv,61.35560225049205,205
data/capture_converted_trimmed/joint-2019-06-16-10-00-00-056__TO__joint-2019-06-16-10-40-00-021-237.csv,61.82834171939841,203
data/capture_converted_trimmed/joint-2019-06-15-08-25-00-031__TO__joint-2019-06-15-08-25-00-031-80.csv,61.93299670433415,16
data/capture_converted_trimmed/joint-2019-06-16-13-00-00-052__TO__joint-2019-06-16-13-08-00-033-106.csv,61.98107717976658,67
data/capture_converted_trimmed/joint-2019-06-21-08-09-00-019__TO__joint-2019-06-21-08-17-00-143-239.csv,62.13647120148765,564
data/capture_converted_trimmed/joint-2019-06-16-10-42-00-022__TO__joint-2019-06-16-10-53-00-032-41.csv,62.14119330831059,172
data/capture_converted_trimmed/joint-2019-06-15-18-27-00-009__TO__joint-2019-06-15-18-31-00-106-211.csv,62.150570471860505,147
data/capture_converted_trimmed/joint-2019-06-16-12-06-00-026__TO__joint-2019-06-16-12-20-00-022-55.csv,62.175224663801195,19
data/capture_converted_trimmed/joint-2019-06-16-09-06-00-027__TO__joint-2019-06-16-09-20-00-037-148.csv,62.44509441339341,154
data/capture_converted_trimmed/joint-2019-06-14-18-37-00-030__TO__joint-2019-06-14-18-59-00-026-236.csv,62.612546443317164,10
data/capture_converted_trimmed/joint-2019-06-15-09-25-00-016__TO__joint-2019-06-15-09-26-00-009-119.csv,62.88154784848978,6
data/capture_converted_trimmed/joint-2019-06-16-13-37-00-025__TO__joint-2019-06-16-13-45-00-019-31.csv,63.05603297990885,129
data/capture_converted_trimmed/joint-2019-06-19-10-15-00-021__TO__joint-2019-06-19-10-16-00-155-57.csv,63.50216737224028,283
data/capture_converted_trimmed/joint-2019-06-20-17-12-00-006__TO__joint-2019-06-20-17-19-00-103-44.csv,63.57234457209956,207
data/capture_converted_trimmed/joint-2019-06-16-13-11-00-025__TO__joint-2019-06-16-13-14-00-042-28.csv,63.582814081546545,116
data/capture_converted_trimmed/joint-2019-06-16-08-03-00-031__TO__joint-2019-06-16-08-25-00-030-226.csv,63.591175429931454,138
data/capture_converted_trimmed/joint-2019-06-21-08-23-00-016__TO__joint-2019-06-21-08-28-00-040-83.csv,63.84059026071379,9
data/capture_converted_trimmed/joint-2019-06-16-14-28-00-002__TO__joint-2019-06-16-14-41-00-031-29.csv,63.85468707058245,303
data/capture_converted_trimmed/joint-2019-06-15-16-19-00-023__TO__joint-2019-06-15-16-19-00-023-236.csv,63.871799018103765,7
data/capture_converted_trimmed/joint-2019-06-19-08-00-00-004__TO__joint-2019-06-19-08-04-00-054-145.csv,64.27473405452665,6
data/capture_converted_trimmed/joint-2019-06-16-10-00-00-056__TO__joint-2019-06-16-10-40-00-021-28.csv,64.39492955650127,968
data/capture_converted_trimmed/joint-2019-06-14-15-09-00-000__TO__joint-2019-06-14-15-59-00-057-28.csv,64.62093432027837,38
data/capture_converted_trimmed/joint-2019-06-16-12-22-00-017__TO__joint-2019-06-16-12-33-00-025-145.csv,64.78337062077088,1185
data/capture_converted_trimmed/joint-2019-06-19-09-47-00-001__TO__joint-2019-06-19-09-54-00-092-187.csv,64.8653033754704,6
data/capture_converted_trimmed/joint-2019-06-21-06-32-00-005__TO__joint-2019-06-21-06-32-00-005-5.csv,65.03718468028005,13
data/capture_converted_trimmed/joint-2019-06-16-08-27-00-015__TO__joint-2019-06-16-08-35-00-117-31.csv,65.09901587809767,6
data/capture_converted_trimmed/joint-2019-06-16-07-14-00-011__TO__joint-2019-06-16-07-16-00-108-31.csv,65.35330117720339,5
data/capture_converted_trimmed/joint-2019-06-15-09-55-00-024__TO__joint-2019-06-15-09-59-00-016-158.csv,65.42981975580791,15
data/capture_converted_trimmed/joint-2019-06-15-08-01-00-017__TO__joint-2019-06-15-08-02-00-078-158.csv,65.6585220816778,10
data/capture_converted_trimmed/joint-2019-06-20-18-44-00-029__TO__joint-2019-06-20-18-50-00-101-171.csv,65.91694384411502,146
data/capture_converted_trimmed/joint-2019-06-16-11-28-00-011__TO__joint-2019-06-16-11-46-00-111-2.csv,66.01557472599923,218
data/capture_converted_trimmed/joint-2019-06-15-07-35-00-017__TO__joint-2019-06-15-07-35-00-017-55.csv,66.09624444535513,10
data/capture_converted_trimmed/joint-2019-06-15-15-48-00-011__TO__joint-2019-06-15-15-50-00-139-210.csv,66.16847403877811,434
data/capture_converted_trimmed/joint-2019-06-16-12-22-00-017__TO__joint-2019-06-16-12-33-00-025-107.csv,66.39914728917263,336
data/capture_converted_trimmed/joint-2019-06-16-10-00-00-056__TO__joint-2019-06-16-10-40-00-021-107.csv,66.52480822937477,510
data/capture_converted_trimmed/joint-2019-06-20-05-50-00-003__TO__joint-2019-06-20-05-51-00-153-80.csv,66.64237163734555,61
data/capture_converted_trimmed/joint-2019-06-15-19-00-00-097__TO__joint-2019-06-15-19-11-00-065-187.csv,66.7334642684679,222
data/capture_converted_trimmed/joint-2019-06-15-09-55-00-024__TO__joint-2019-06-15-09-59-00-016-80.csv,66.81451475492163,9
data/capture_converted_trimmed/joint-2019-06-21-08-31-00-014__TO__joint-2019-06-21-08-41-00-049-109.csv,67.0369308765143,10
data/capture_converted_trimmed/joint-2019-06-21-10-15-00-020__TO__joint-2019-06-21-10-15-00-020-96.csv,67.15598414786017,7
data/capture_converted_trimmed/joint-2019-06-18-16-32-00-028__TO__joint-2019-06-18-16-32-00-028-184.csv,67.40393041678917,9
data/capture_converted_trimmed/joint-2019-06-14-19-47-00-034__TO__joint-2019-06-14-19-56-00-005-174.csv,67.57300097256939,19
data/capture_converted_trimmed/joint-2019-06-16-11-11-00-021__TO__joint-2019-06-16-11-11-00-021-44.csv,67.68125630790149,45
data/capture_converted_trimmed/joint-2019-06-16-10-42-00-022__TO__joint-2019-06-16-10-53-00-032-96.csv,67.8793967086797,17
data/capture_converted_trimmed/joint-2019-06-16-09-45-00-002__TO__joint-2019-06-16-09-59-00-078-31.csv,67.97017036862809,188
data/capture_converted_trimmed/joint-2019-06-14-20-54-00-002__TO__joint-2019-06-14-20-54-00-002-252.csv,68.12429154454719,53
data/capture_converted_trimmed/joint-2019-06-19-09-47-00-001__TO__joint-2019-06-19-09-54-00-092-80.csv,68.21490167809672,8
data/capture_converted_trimmed/joint-2019-06-14-17-26-00-002__TO__joint-2019-06-14-17-28-00-067-28.csv,68.2873210959662,282
data/capture_converted_trimmed/joint-2019-06-16-13-32-00-000__TO__joint-2019-06-16-13-35-00-011-93.csv,68.36169677989975,9
data/capture_converted_trimmed/joint-2019-06-16-08-27-00-015__TO__joint-2019-06-16-08-35-00-117-174.csv,68.73342982238226,142
data/capture_converted_trimmed/joint-2019-06-16-08-03-00-031__TO__joint-2019-06-16-08-25-00-030-184.csv,68.8093454470891,138
data/capture_converted_trimmed/joint-2019-06-16-10-00-00-056__TO__joint-2019-06-16-10-40-00-021-106.csv,69.30938314427104,124
data/capture_converted_trimmed/joint-2019-06-15-09-55-00-024__TO__joint-2019-06-15-09-59-00-016-15.csv,69.71680257685166,16
data/capture_converted_trimmed/joint-2019-06-15-12-14-00-016__TO__joint-2019-06-15-12-19-00-021-5.csv,69.80695089016453,7
data/capture_converted_trimmed/joint-2019-06-16-10-42-00-022__TO__joint-2019-06-16-10-53-00-032-132.csv,69.92801739554005,7
data/capture_converted_trimmed/joint-2019-06-21-08-31-00-014__TO__joint-2019-06-21-08-41-00-049-237.csv,70.25500049979672,6
data/capture_converted_trimmed/joint-2019-06-14-18-37-00-030__TO__joint-2019-06-14-18-59-00-026-55.csv,70.26021249901646,453
data/capture_converted_trimmed/joint-2019-06-15-05-49-00-002__TO__joint-2019-06-15-05-50-00-027-119.csv,70.28012712829727,6
data/capture_converted_trimmed/joint-2019-06-16-13-32-00-000__TO__joint-2019-06-16-13-35-00-011-106.csv,70.43691099132405,90
data/capture_converted_trimmed/joint-2019-06-15-13-03-00-027__TO__joint-2019-06-15-13-07-00-053-122.csv,70.46981856755704,9
data/capture_converted_trimmed/joint-2019-06-15-11-46-00-014__TO__joint-2019-06-15-11-55-00-074-171.csv,70.57475080789845,75
data/capture_converted_trimmed/joint-2019-06-19-12-47-00-026__TO__joint-2019-06-19-12-59-00-162-106.csv,70.83800789861134,161
data/capture_converted_trimmed/joint-2019-06-15-05-53-00-002__TO__joint-2019-06-15-05-58-00-010-41.csv,70.98638566136897,6
data/capture_converted_trimmed/joint-2019-06-16-13-47-00-006__TO__joint-2019-06-16-13-53-00-030-54.csv,71.06667679106081,478
data/capture_converted_trimmed/joint-2019-06-20-11-24-00-011__TO__joint-2019-06-20-11-32-00-167-106.csv,71.10447843734954,225
data/capture_converted_trimmed/joint-2019-06-15-09-25-00-016__TO__joint-2019-06-15-09-26-00-009-159.csv,71.4398024175855,178
data/capture_converted_trimmed/joint-2019-06-15-06-29-00-000__TO__joint-2019-06-15-06-29-00-000-81.csv,71.45717718765599,115
data/capture_converted_trimmed/joint-2019-06-15-07-00-00-015__TO__joint-2019-06-15-07-07-00-023-187.csv,71.54652250784909,19
data/capture_converted_trimmed/joint-2019-06-16-07-18-00-023__TO__joint-2019-06-16-07-20-00-036-5.csv,71.88457605485215,10
data/capture_converted_trimmed/joint-2019-06-20-21-02-00-016__TO__joint-2019-06-20-21-06-00-023-106.csv,72.23096396178484,6
data/capture_converted_trimmed/joint-2019-06-20-18-06-00-010__TO__joint-2019-06-20-18-06-00-010-109.csv,72.72337867100852,7
data/capture_converted_trimmed/joint-2019-06-16-11-14-00-024__TO__joint-2019-06-16-11-19-00-023-54.csv,72.97996757535651,216
data/capture_converted_trimmed/joint-2019-06-20-12-27-00-009__TO__joint-2019-06-20-12-28-00-147-54.csv,73.00042256853486,11
data/capture_converted_trimmed/joint-2019-06-16-14-28-00-002__TO__joint-2019-06-16-14-41-00-031-161.csv,73.44040544643326,4
data/capture_converted_trimmed/joint-2019-06-15-08-27-00-029__TO__joint-2019-06-15-08-30-00-021-31.csv,73.49500278362115,9
data/capture_converted_trimmed/joint-2019-06-14-18-20-00-022__TO__joint-2019-06-14-18-22-00-131-133.csv,73.81067523829618,13
data/capture_converted_trimmed/joint-2019-06-20-17-12-00-006__TO__joint-2019-06-20-17-19-00-103-236.csv,73.85392523599862,9
data/capture_converted_trimmed/joint-2019-06-15-07-00-00-015__TO__joint-2019-06-15-07-07-00-023-119.csv,73.85823625824534,7
data/capture_converted_trimmed/joint-2019-06-16-12-06-00-026__TO__joint-2019-06-16-12-20-00-022-44.csv,73.89070122280663,55
data/capture_converted_trimmed/joint-2019-06-20-11-24-00-011__TO__joint-2019-06-20-11-32-00-167-249.csv,73.9795452667973,78
data/capture_converted_trimmed/joint-2019-06-15-16-54-00-010__TO__joint-2019-06-15-16-54-00-010-31.csv,74.47976750500604,44
data/capture_converted_trimmed/joint-2019-06-16-09-29-00-008__TO__joint-2019-06-16-09-32-00-107-70.csv,74.50448237866573,10
data/capture_converted_trimmed/joint-2019-06-14-17-16-00-011__TO__joint-2019-06-14-17-22-00-122-210.csv,75.1478121180305,18
data/capture_converted_trimmed/joint-2019-06-17-18-11-00-024__TO__joint-2019-06-17-18-13-00-054-252.csv,75.83607436328592,7
data/capture_converted_trimmed/joint-2019-06-16-12-22-00-017__TO__joint-2019-06-16-12-33-00-025-200.csv,76.15577747871443,123
data/capture_converted_trimmed/joint-2019-06-21-12-39-00-023__TO__joint-2019-06-21-12-51-00-165-171.csv,76.31481305560999,9
data/capture_converted_trimmed/joint-2019-06-16-10-00-00-056__TO__joint-2019-06-16-10-40-00-021-80.csv,76.75895176848256,393
data/capture_converted_trimmed/joint-2019-06-16-13-37-00-025__TO__joint-2019-06-16-13-45-00-019-226.csv,76.87500314263886,30
data/capture_converted_trimmed/joint-2019-06-16-12-22-00-017__TO__joint-2019-06-16-12-33-00-025-132.csv,76.90257671688097,450
data/capture_converted_trimmed/joint-2019-06-14-17-05-00-024__TO__joint-2019-06-14-17-07-00-022-3.csv,77.04941796362444,54
data/capture_converted_trimmed/joint-2019-06-16-10-55-00-000__TO__joint-2019-06-16-10-56-00-026-29.csv,77.12019987014556,72
data/capture_converted_trimmed/joint-2019-06-21-13-25-00-010__TO__joint-2019-06-21-13-25-00-010-249.csv,77.38907103735384,5
data/capture_converted_trimmed/joint-2019-06-16-08-03-00-031__TO__joint-2019-06-16-08-25-00-030-187.csv,77.41111116420589,165
data/capture_converted_trimmed/joint-2019-06-16-14-28-00-002__TO__joint-2019-06-16-14-41-00-031-70.csv,77.50045330539044,60
data/capture_converted_trimmed/joint-2019-06-21-06-32-00-005__TO__joint-2019-06-21-06-32-00-005-210.csv,77.5681973747784,8
data/capture_converted_trimmed/joint-2019-06-16-12-06-00-026__TO__joint-2019-06-16-12-20-00-022-158.csv,77.63256152925874,314
data/capture_converted_trimmed/joint-2019-06-16-13-19-00-017__TO__joint-2019-06-16-13-25-00-127-211.csv,78.06738251600773,7
data/capture_converted_trimmed/joint-2019-06-16-09-45-00-002__TO__joint-2019-06-16-09-59-00-078-184.csv,78.41076398872443,32
data/capture_converted_trimmed/joint-2019-06-19-06-53-00-032__TO__joint-2019-06-19-06-55-00-089-67.csv,78.59107688447747,6
data/capture_converted_trimmed/joint-2019-06-16-12-39-00-013__TO__joint-2019-06-16-12-43-00-005-148.csv,78.90491163312294,10
data/capture_converted_trimmed/joint-2019-06-21-08-02-00-033__TO__joint-2019-06-21-08-04-00-028-174.csv,79.11227675230126,24
data/capture_converted_trimmed/joint-2019-06-20-20-09-00-006__TO__joint-2019-06-20-20-10-00-013-31.csv,79.12738044189035,12
data/capture_converted_trimmed/joint-2019-06-14-17-05-00-024__TO__joint-2019-06-14-17-07-00-022-31.csv,79.25088358672981,11
data/capture_converted_trimmed/joint-2019-06-16-12-06-00-026__TO__joint-2019-06-16-12-20-00-022-197.csv,79.49911677583133,8
data/capture_converted_trimmed/joint-2019-06-16-08-00-00-016__TO__joint-2019-06-16-08-00-00-016-187.csv,79.50794361296833,15
data/capture_converted_trimmed/joint-2019-06-20-17-53-00-018__TO__joint-2019-06-20-17-54-00-022-223.csv,79.71764223052914,40
data/capture_converted_trimmed/joint-2019-06-14-19-47-00-034__TO__joint-2019-06-14-19-56-00-005-54.csv,79.91163980741936,333
data/capture_converted_trimmed/joint-2019-06-20-17-12-00-006__TO__joint-2019-06-20-17-19-00-103-185.csv,80.38998933135156,139
data/capture_converted_trimmed/joint-2019-06-21-08-23-00-016__TO__joint-2019-06-21-08-28-00-040-54.csv,80.39058290519009,13
data/capture_converted_trimmed/joint-2019-06-16-10-00-00-056__TO__joint-2019-06-16-10-40-00-021-83.csv,80.45240442555499,120
data/capture_converted_trimmed/joint-2019-06-15-10-18-00-010__TO__joint-2019-06-15-10-19-00-010-200.csv,80.61967069990143,19
data/capture_converted_trimmed/joint-2019-06-16-07-58-00-006__TO__joint-2019-06-16-07-59-00-009-223.csv,80.81513386840334,9
data/capture_converted_trimmed/joint-2019-06-20-11-41-00-011__TO__joint-2019-06-20-11-45-00-027-174.csv,80.95997221090391,15
data/capture_converted_trimmed/joint-2019-06-16-11-28-00-011__TO__joint-2019-06-16-11-46-00-111-158.csv,80.988082351805,8
data/capture_converted_trimmed/joint-2019-06-16-10-00-00-056__TO__joint-2019-06-16-10-40-00-021-249.csv,81.00716577356965,181
data/capture_converted_trimmed/joint-2019-06-16-12-06-00-026__TO__joint-2019-06-16-12-20-00-022-2.csv,81.01364218700132,57
data/capture_converted_trimmed/joint-2019-06-14-17-05-00-024__TO__joint-2019-06-14-17-07-00-022-197.csv,81.02014752165348,71
data/capture_converted_trimmed/joint-2019-06-20-19-38-00-029__TO__joint-2019-06-20-19-38-00-029-119.csv,81.0642407714683,15
data/capture_converted_trimmed/joint-2019-06-15-12-26-00-010__TO__joint-2019-06-15-12-32-00-111-81.csv,81.99356154807116,7
data/capture_converted_trimmed/joint-2019-06-14-17-46-00-000__TO__joint-2019-06-14-17-56-00-007-187.csv,82.23925439569814,6
data/capture_converted_trimmed/joint-2019-06-14-19-14-00-028__TO__joint-2019-06-14-19-15-00-043-213.csv,82.85943314848477,99
data/capture_converted_trimmed/joint-2019-06-15-06-39-00-011__TO__joint-2019-06-15-06-49-00-070-226.csv,82.96879633161012,11
data/capture_converted_trimmed/joint-2019-06-16-07-58-00-006__TO__joint-2019-06-16-07-59-00-009-237.csv,83.07685650316613,13
data/capture_converted_trimmed/joint-2019-06-15-08-43-00-004__TO__joint-2019-06-15-08-44-00-131-96.csv,83.12281563593838,142
data/capture_converted_trimmed/joint-2019-06-20-11-50-00-006__TO__joint-2019-06-20-11-50-00-006-132.csv,83.15065235577507,6
data/capture_converted_trimmed/joint-2019-06-15-07-00-00-015__TO__joint-2019-06-15-07-07-00-023-18.csv,83.45585468530747,8
data/capture_converted_trimmed/joint-2019-06-14-20-43-00-006__TO__joint-2019-06-14-20-47-00-002-55.csv,83.69874210332569,9
data/capture_converted_trimmed/joint-2019-06-16-11-00-00-136__TO__joint-2019-06-16-11-06-00-030-31.csv,83.73566659238833,9
data/capture_converted_trimmed/joint-2019-06-16-11-28-00-011__TO__joint-2019-06-16-11-46-00-111-145.csv,83.81582241695413,103
data/capture_converted_trimmed/joint-2019-06-20-17-12-00-006__TO__joint-2019-06-20-17-19-00-103-109.csv,84.05581489942419,9
data/capture_converted_trimmed/joint-2019-06-16-11-28-00-011__TO__joint-2019-06-16-11-46-00-111-236.csv,84.08860452118448,9
data/capture_converted_trimmed/joint-2019-06-15-05-53-00-002__TO__joint-2019-06-15-05-58-00-010-252.csv,84.67451094970191,104
data/capture_converted_trimmed/joint-2019-06-16-11-28-00-011__TO__joint-2019-06-16-11-46-00-111-80.csv,84.71633055773128,103
data/capture_converted_trimmed/joint-2019-06-16-12-06-00-026__TO__joint-2019-06-16-12-20-00-022-107.csv,84.74970007030369,4
data/capture_converted_trimmed/joint-2019-06-15-10-06-00-019__TO__joint-2019-06-15-10-11-00-100-159.csv,84.83212466646103,7
data/capture_converted_trimmed/joint-2019-06-16-08-50-00-000__TO__joint-2019-06-16-08-59-00-135-41.csv,85.0002197944716,7
data/capture_converted_trimmed/joint-2019-06-16-07-14-00-011__TO__joint-2019-06-16-07-16-00-108-96.csv,85.0504051427323,140
data/capture_converted_trimmed/joint-2019-06-15-10-06-00-019__TO__joint-2019-06-15-10-11-00-100-106.csv,85.27131098760813,7
data/capture_converted_trimmed/joint-2019-06-16-09-06-00-027__TO__joint-2019-06-16-09-20-00-037-158.csv,85.29250306971963,9
data/capture_converted_trimmed/joint-2019-06-20-18-06-00-010__TO__joint-2019-06-20-18-06-00-010-210.csv,85.38588538800123,10
data/capture_converted_trimmed/joint-2019-06-16-13-32-00-000__TO__joint-2019-06-16-13-35-00-011-44.csv,85.56308649884637,17
data/capture_converted_trimmed/joint-2019-06-20-18-44-00-029__TO__joint-2019-06-20-18-50-00-101-57.csv,85.8224040852404,151
data/capture_converted_trimmed/joint-2019-06-19-08-00-00-004__TO__joint-2019-06-19-08-04-00-054-5.csv,85.93739329601514,8
data/capture_converted_trimmed/joint-2019-06-16-10-00-00-056__TO__joint-2019-06-16-10-40-00-021-158.csv,85.9452577617867,104
data/capture_converted_trimmed/joint-2019-06-16-08-27-00-015__TO__joint-2019-06-16-08-35-00-117-132.csv,86.01294216731348,125
data/capture_converted_trimmed/joint-2019-06-16-08-03-00-031__TO__joint-2019-06-16-08-25-00-030-80.csv,86.12900858353713,55
data/capture_converted_trimmed/joint-2019-06-14-19-47-00-034__TO__joint-2019-06-14-19-56-00-005-226.csv,86.20672806324802,27
data/capture_converted_trimmed/joint-2019-06-16-10-00-00-056__TO__joint-2019-06-16-10-40-00-021-187.csv,86.5599765703128,300
data/capture_converted_trimmed/joint-2019-06-14-17-16-00-011__TO__joint-2019-06-14-17-22-00-122-135.csv,87.09121720447266,9
data/capture_converted_trimmed/joint-2019-06-16-11-00-00-136__TO__joint-2019-06-16-11-06-00-030-184.csv,87.53636482500876,28
data/capture_converted_trimmed/joint-2019-06-16-13-00-00-052__TO__joint-2019-06-16-13-08-00-033-96.csv,88.15163410031548,192
data/capture_converted_trimmed/joint-2019-06-14-18-37-00-030__TO__joint-2019-06-14-18-59-00-026-2.csv,89.10423239028778,10
data/capture_converted_trimmed/joint-2019-06-16-10-00-00-056__TO__joint-2019-06-16-10-40-00-021-44.csv,89.69506245928214,60
data/capture_converted_trimmed/joint-2019-06-15-08-06-00-002__TO__joint-2019-06-15-08-23-00-071-223.csv,89.6961890118525,11
data/capture_converted_trimmed/joint-2019-06-16-13-37-00-025__TO__joint-2019-06-16-13-45-00-019-54.csv,90.40332093814973,44
data/capture_converted_trimmed/joint-2019-06-16-09-45-00-002__TO__joint-2019-06-16-09-59-00-078-223.csv,90.81369866645008,85
data/capture_converted_trimmed/joint-2019-06-16-10-00-00-056__TO__joint-2019-06-16-10-40-00-021-70.csv,91.05617080741693,16
data/capture_converted_trimmed/joint-2019-06-19-07-55-00-010__TO__joint-2019-06-19-07-59-00-004-200.csv,91.0788630571797,10
data/capture_converted_trimmed/joint-2019-06-21-10-05-00-009__TO__joint-2019-06-21-10-08-00-113-93.csv,91.11431200534543,27
data/capture_converted_trimmed/joint-2019-06-16-08-03-00-031__TO__joint-2019-06-16-08-25-00-030-57.csv,91.20072924377054,16
data/capture_converted_trimmed/joint-2019-06-16-10-00-00-056__TO__joint-2019-06-16-10-40-00-021-57.csv,91.41913441127147,496
data/capture_converted_trimmed/joint-2019-06-16-09-29-00-008__TO__joint-2019-06-16-09-32-00-107-107.csv,92.04010049367415,19
data/capture_converted_trimmed/joint-2019-06-15-07-00-00-015__TO__joint-2019-06-15-07-07-00-023-133.csv,92.10679645725715,7
data/capture_converted_trimmed/joint-2019-06-14-18-37-00-030__TO__joint-2019-06-14-18-59-00-026-18.csv,92.43911972162329,35
data/capture_converted_trimmed/joint-2019-06-15-07-31-00-021__TO__joint-2019-06-15-07-33-00-138-28.csv,92.59529255778419,14
data/capture_converted_trimmed/joint-2019-06-15-12-26-00-010__TO__joint-2019-06-15-12-32-00-111-2.csv,93.376809926153,7
data/capture_converted_trimmed/joint-2019-06-15-19-00-00-097__TO__joint-2019-06-15-19-11-00-065-57.csv,93.86487134411021,8
data/capture_converted_trimmed/joint-2019-06-21-10-31-00-003__TO__joint-2019-06-21-10-44-00-103-5.csv,94.40022177711073,22
data/capture_converted_trimmed/joint-2019-06-15-08-25-00-031__TO__joint-2019-06-15-08-25-00-031-122.csv,94.7269164021473,7
data/capture_converted_trimmed/joint-2019-06-16-09-06-00-027__TO__joint-2019-06-16-09-20-00-037-236.csv,94.75613083817893,175
data/capture_converted_trimmed/joint-2019-06-16-10-00-00-056__TO__joint-2019-06-16-10-40-00-021-197.csv,95.17018114590702,16
data/capture_converted_trimmed/joint-2019-06-15-09-55-00-024__TO__joint-2019-06-15-09-59-00-016-2.csv,95.75521813463735,46
data/capture_converted_trimmed/joint-2019-06-16-10-00-00-056__TO__joint-2019-06-16-10-40-00-021-184.csv,96.24766490097933,363
data/capture_converted_trimmed/joint-2019-06-20-11-24-00-011__TO__joint-2019-06-20-11-32-00-167-28.csv,97.03386435402147,21
data/capture_converted_trimmed/joint-2019-06-16-07-14-00-011__TO__joint-2019-06-16-07-16-00-108-107.csv,97.23481230923989,8
data/capture_converted_trimmed/joint-2019-06-15-05-53-00-002__TO__joint-2019-06-15-05-58-00-010-158.csv,97.33237418956888,199
data/capture_converted_trimmed/joint-2019-06-16-10-42-00-022__TO__joint-2019-06-16-10-53-00-032-83.csv,97.53440594695067,75
data/capture_converted_trimmed/joint-2019-06-20-07-33-00-001__TO__joint-2019-06-20-07-48-00-139-70.csv,97.98471619788805,8
data/capture_converted_trimmed/joint-2019-06-16-09-45-00-002__TO__joint-2019-06-16-09-59-00-078-70.csv,98.67463142790804,6
data/capture_converted_trimmed/joint-2019-06-16-08-27-00-015__TO__joint-2019-06-16-08-35-00-117-159.csv,98.69013853633707,7
data/capture_converted_trimmed/joint-2019-06-20-05-50-00-003__TO__joint-2019-06-20-05-51-00-153-158.csv,99.46027317998796,8
data/capture_converted_trimmed/joint-2019-06-16-09-00-00-053__TO__joint-2019-06-16-09-04-00-002-28.csv,99.7778407909832,26
data/capture_converted_trimmed/joint-2019-06-16-11-00-00-136__TO__joint-2019-06-16-11-06-00-030-122.csv,100.49240296147809,13
data/capture_converted_trimmed/joint-2019-06-16-11-14-00-024__TO__joint-2019-06-16-11-19-00-023-148.csv,101.0008800122443,8
data/capture_converted_trimmed/joint-2019-06-16-08-27-00-015__TO__joint-2019-06-16-08-35-00-117-226.csv,101.20318769693455,12
data/capture_converted_trimmed/joint-2019-06-21-08-31-00-014__TO__joint-2019-06-21-08-41-00-049-132.csv,101.41243214904644,467
data/capture_converted_trimmed/joint-2019-06-16-12-06-00-026__TO__joint-2019-06-16-12-20-00-022-54.csv,101.68850260010474,11
data/capture_converted_trimmed/joint-2019-06-17-17-47-00-021__TO__joint-2019-06-17-17-48-00-014-109.csv,101.78367739346362,9
data/capture_converted_trimmed/joint-2019-06-16-11-14-00-024__TO__joint-2019-06-16-11-19-00-023-55.csv,101.88853460486224,12
data/capture_converted_trimmed/joint-2019-06-16-13-32-00-000__TO__joint-2019-06-16-13-35-00-011-210.csv,101.97284439544448,20
data/capture_converted_trimmed/joint-2019-06-14-17-26-00-002__TO__joint-2019-06-14-17-28-00-067-132.csv,102.12237337433345,33
data/capture_converted_trimmed/joint-2019-06-14-17-46-00-000__TO__joint-2019-06-14-17-56-00-007-122.csv,102.42584866146083,230
data/capture_converted_trimmed/joint-2019-06-16-08-03-00-031__TO__joint-2019-06-16-08-25-00-030-93.csv,103.23258636673889,58
data/capture_converted_trimmed/joint-2019-06-16-08-03-00-031__TO__joint-2019-06-16-08-25-00-030-96.csv,103.76575571249505,93
data/capture_converted_trimmed/joint-2019-06-16-11-09-00-022__TO__joint-2019-06-16-11-09-00-022-237.csv,104.4477165808061,11
data/capture_converted_trimmed/joint-2019-06-15-05-53-00-002__TO__joint-2019-06-15-05-58-00-010-2.csv,105.0487722373978,246
data/capture_converted_trimmed/joint-2019-06-15-13-55-00-029__TO__joint-2019-06-15-13-55-00-029-226.csv,105.54549311683056,29
data/capture_converted_trimmed/joint-2019-06-16-12-55-00-005__TO__joint-2019-06-16-12-55-00-005-226.csv,105.63458636494288,204
data/capture_converted_trimmed/joint-2019-06-14-19-59-00-020__TO__joint-2019-06-14-19-59-00-020-80.csv,106.89733728678397,15
data/capture_converted_trimmed/joint-2019-06-14-15-09-00-000__TO__joint-2019-06-14-15-59-00-057-171.csv,107.25960311576425,94
data/capture_converted_trimmed/joint-2019-06-16-13-47-00-006__TO__joint-2019-06-16-13-53-00-030-2.csv,107.41177901147479,13
data/capture_converted_trimmed/joint-2019-06-16-08-03-00-031__TO__joint-2019-06-16-08-25-00-030-41.csv,108.40291627866503,14
data/capture_converted_trimmed/joint-2019-06-15-09-11-00-033__TO__joint-2019-06-15-09-19-00-076-145.csv,109.31178972672369,5
data/capture_converted_trimmed/joint-2019-06-16-09-45-00-002__TO__joint-2019-06-16-09-59-00-078-15.csv,109.42097407310479,7
data/capture_converted_trimmed/joint-2019-06-16-10-00-00-056__TO__joint-2019-06-16-10-40-00-021-15.csv,109.5565714943858,16
data/capture_converted_trimmed/joint-2019-06-14-20-38-00-011__TO__joint-2019-06-14-20-39-00-014-15.csv,109.78473620277231,7
data/capture_converted_trimmed/joint-2019-06-14-18-37-00-030__TO__joint-2019-06-14-18-59-00-026-54.csv,110.45800346648792,7
data/capture_converted_trimmed/joint-2019-06-15-05-53-00-002__TO__joint-2019-06-15-05-58-00-010-55.csv,110.69319644588604,9
data/capture_converted_trimmed/joint-2019-06-15-09-03-00-011__TO__joint-2019-06-15-09-09-00-075-18.csv,111.12610174100718,10
data/capture_converted_trimmed/joint-2019-06-16-08-03-00-031__TO__joint-2019-06-16-08-25-00-030-174.csv,112.19856298686257,440
data/capture_converted_trimmed/joint-2019-06-16-12-39-00-013__TO__joint-2019-06-16-12-43-00-005-223.csv,112.8559977207258,4
data/capture_converted_trimmed/joint-2019-06-20-16-58-00-021__TO__joint-2019-06-20-16-58-00-021-3.csv,113.37745494515923,22
data/capture_converted_trimmed/joint-2019-06-14-19-14-00-028__TO__joint-2019-06-14-19-15-00-043-81.csv,113.92930838742285,28
data/capture_converted_trimmed/joint-2019-06-16-10-00-00-056__TO__joint-2019-06-16-10-40-00-021-109.csv,114.26043051542196,22
data/capture_converted_trimmed/joint-2019-06-16-10-42-00-022__TO__joint-2019-06-16-10-53-00-032-161.csv,115.36687197095797,7
data/capture_converted_trimmed/joint-2019-06-20-20-51-00-015__TO__joint-2019-06-20-20-56-00-105-5.csv,116.55444878160195,257
data/capture_converted_trimmed/joint-2019-06-16-14-19-00-000__TO__joint-2019-06-16-14-23-00-105-148.csv,117.52188265839047,277
data/capture_converted_trimmed/joint-2019-06-16-10-42-00-022__TO__joint-2019-06-16-10-53-00-032-106.csv,119.11419572881456,20
data/capture_converted_trimmed/joint-2019-06-21-10-05-00-009__TO__joint-2019-06-21-10-08-00-113-107.csv,119.84194272223925,32
data/capture_converted_trimmed/joint-2019-06-16-10-59-00-027__TO__joint-2019-06-16-10-59-00-027-174.csv,123.931991609779,6
data/capture_converted_trimmed/joint-2019-06-14-18-37-00-030__TO__joint-2019-06-14-18-59-00-026-28.csv,125.83322769237319,30
data/capture_converted_trimmed/joint-2019-06-16-12-22-00-017__TO__joint-2019-06-16-12-33-00-025-28.csv,126.94685090431474,14
data/capture_converted_trimmed/joint-2019-06-16-14-28-00-002__TO__joint-2019-06-16-14-41-00-031-236.csv,127.41780703653747,107
data/capture_converted_trimmed/joint-2019-06-14-17-00-00-000__TO__joint-2019-06-14-17-00-00-000-132.csv,135.83111796107315,9
data/capture_converted_trimmed/joint-2019-06-16-11-00-00-136__TO__joint-2019-06-16-11-06-00-030-213.csv,140.47310456575008,115
data/capture_converted_trimmed/joint-2019-06-16-08-03-00-031__TO__joint-2019-06-16-08-25-00-030-18.csv,145.8803504638852,11
data/capture_converted_trimmed/joint-2019-06-15-13-10-00-023__TO__joint-2019-06-15-13-19-00-035-158.csv,147.94550195534146,38
data/capture_converted_trimmed/joint-2019-06-16-12-55-00-005__TO__joint-2019-06-16-12-55-00-005-54.csv,157.1926559766779,25
data/capture_converted_trimmed/joint-2019-06-16-13-00-00-052__TO__joint-2019-06-16-13-08-00-033-200.csv,157.57445240598636,3
data/capture_converted_trimmed/joint-2019-06-16-11-14-00-024__TO__joint-2019-06-16-11-19-00-023-171.csv,161.05171900219858,89
data/capture_converted_trimmed/joint-2019-06-16-14-43-00-004__TO__joint-2019-06-16-14-44-00-151-185.csv,161.43518199240515,347
data/capture_converted_trimmed/joint-2019-06-16-08-27-00-015__TO__joint-2019-06-16-08-35-00-117-223.csv,231.6803806260615,298
data/capture_converted_trimmed/joint-2019-06-16-10-00-00-056__TO__joint-2019-06-16-10-40-00-021-211.csv,239.98646241273434,49
data/capture_converted_trimmed/joint-2019-06-15-13-03-00-027__TO__joint-2019-06-15-13-07-00-053-223.csv,257.32917176211447,36
